Date,Midnight population,24-hour population
2008-10-01,0,0
2008-10-02,0,0
2008-10-03,0,0
2008-10-04,0,0
2008-10-05,0,0
2008-10-06,0,0
2008-10-07,0,0
2008-10-08,0,0
2008-10-09,0,0
2008-10-10,0,0
2008-10-11,0,0
2008-10-12,0,0
2008-10-13,0,0
2008-10-14,0,0
2008-10-15,0,0
2008-10-16,0,0
2008-10-17,0,0
2008-10-18,0,0
2008-10-19,0,0
2008-10-20,0,0
2008-10-21,0,0
2008-10-22,0,0
2008-10-23,0,0
2008-10-24,0,0
2008-10-25,0,0
2008-10-26,0,0
2008-10-27,0,0
2008-10-28,0,0
2008-10-29,0,0
2008-10-30,0,0
2008-10-31,0,0
2008-11-01,0,0
2008-11-02,0,0
2008-11-03,0,0
2008-11-04,0,0
2008-11-05,0,0
2008-11-06,0,0
2008-11-07,0,0
2008-11-08,0,0
2008-11-09,0,0
2008-11-10,0,0
2008-11-11,0,0
2008-11-12,0,0
2008-11-13,0,0
2008-11-14,0,0
2008-11-15,0,0
2008-11-16,0,0
2008-11-17,0,0
2008-11-18,0,0
2008-11-19,0,0
2008-11-20,0,0
2008-11-21,0,0
2008-11-22,0,0
2008-11-23,0,0
2008-11-24,0,0
2008-11-25,0,0
2008-11-26,0,0
2008-11-27,0,0
2008-11-28,0,0
2008-11-29,0,0
2008-11-30,0,0
2008-12-01,0,0
2008-12-02,0,0
2008-12-03,0,0
2008-12-04,0,0
2008-12-05,0,0
2008-12-06,0,0
2008-12-07,0,0
2008-12-08,0,0
2008-12-09,0,0
2008-12-10,0,0
2008-12-11,0,0
2008-12-12,0,0
2008-12-13,0,0
2008-12-14,0,0
2008-12-15,0,0
2008-12-16,0,0
2008-12-17,0,0
2008-12-18,0,0
2008-12-19,0,0
2008-12-20,0,0
2008-12-21,0,0
2008-12-22,0,0
2008-12-23,0,0
2008-12-24,0,0
2008-12-25,0,0
2008-12-26,0,0
2008-12-27,0,0
2008-12-28,0,0
2008-12-29,0,0
2008-12-30,0,0
2008-12-31,0,0
2009-01-01,0,0
2009-01-02,0,0
2009-01-03,0,0
2009-01-04,0,0
2009-01-05,0,0
2009-01-06,0,0
2009-01-07,0,0
2009-01-08,0,0
2009-01-09,0,0
2009-01-10,0,0
2009-01-11,0,0
2009-01-12,0,0
2009-01-13,0,0
2009-01-14,0,0
2009-01-15,0,0
2009-01-16,0,0
2009-01-17,0,0
2009-01-18,0,0
2009-01-19,0,0
2009-01-20,0,0
2009-01-21,0,0
2009-01-22,0,0
2009-01-23,0,0
2009-01-24,0,0
2009-01-25,0,0
2009-01-26,0,0
2009-01-27,0,0
2009-01-28,0,0
2009-01-29,0,0
2009-01-30,0,0
2009-01-31,0,0
2009-02-01,0,0
2009-02-02,0,0
2009-02-03,0,0
2009-02-04,0,0
2009-02-05,0,0
2009-02-06,0,0
2009-02-07,0,0
2009-02-08,0,0
2009-02-09,0,0
2009-02-10,0,0
2009-02-11,0,0
2009-02-12,0,0
2009-02-13,0,0
2009-02-14,0,0
2009-02-15,0,0
2009-02-16,0,0
2009-02-17,0,0
2009-02-18,0,0
2009-02-19,0,0
2009-02-20,0,0
2009-02-21,0,0
2009-02-22,0,0
2009-02-23,0,0
2009-02-24,0,0
2009-02-25,0,0
2009-02-26,0,0
2009-02-27,0,0
2009-02-28,0,0
2009-03-01,0,0
2009-03-02,0,0
2009-03-03,0,0
2009-03-04,0,0
2009-03-05,0,0
2009-03-06,0,0
2009-03-07,0,0
2009-03-08,0,0
2009-03-09,0,0
2009-03-10,0,0
2009-03-11,0,0
2009-03-12,0,0
2009-03-13,0,0
2009-03-14,0,0
2009-03-15,0,0
2009-03-16,0,0
2009-03-17,0,0
2009-03-18,0,0
2009-03-19,0,0
2009-03-20,0,0
2009-03-21,0,0
2009-03-22,0,0
2009-03-23,0,0
2009-03-24,0,0
2009-03-25,0,0
2009-03-26,0,0
2009-03-27,0,0
2009-03-28,0,0
2009-03-29,0,0
2009-03-30,0,0
2009-03-31,0,0
2009-04-01,0,0
2009-04-02,0,0
2009-04-03,0,0
2009-04-04,0,0
2009-04-05,0,0
2009-04-06,0,0
2009-04-07,0,0
2009-04-08,0,0
2009-04-09,0,0
2009-04-10,0,0
2009-04-11,0,0
2009-04-12,0,0
2009-04-13,0,0
2009-04-14,0,0
2009-04-15,0,0
2009-04-16,0,0
2009-04-17,0,0
2009-04-18,0,0
2009-04-19,0,0
2009-04-20,0,0
2009-04-21,0,0
2009-04-22,0,0
2009-04-23,0,0
2009-04-24,0,0
2009-04-25,0,0
2009-04-26,0,0
2009-04-27,0,0
2009-04-28,0,0
2009-04-29,0,0
2009-04-30,0,0
2009-05-01,0,0
2009-05-02,0,0
2009-05-03,0,0
2009-05-04,0,0
2009-05-05,0,0
2009-05-06,0,0
2009-05-07,0,0
2009-05-08,0,0
2009-05-09,0,0
2009-05-10,0,0
2009-05-11,0,0
2009-05-12,0,0
2009-05-13,0,0
2009-05-14,0,0
2009-05-15,0,0
2009-05-16,0,0
2009-05-17,0,0
2009-05-18,0,0
2009-05-19,0,0
2009-05-20,0,0
2009-05-21,0,0
2009-05-22,0,0
2009-05-23,0,0
2009-05-24,0,0
2009-05-25,0,0
2009-05-26,0,0
2009-05-27,0,0
2009-05-28,0,0
2009-05-29,0,0
2009-05-30,0,0
2009-05-31,0,0
2009-06-01,0,0
2009-06-02,0,0
2009-06-03,0,0
2009-06-04,0,0
2009-06-05,0,0
2009-06-06,0,0
2009-06-07,0,0
2009-06-08,0,0
2009-06-09,0,0
2009-06-10,0,0
2009-06-11,0,0
2009-06-12,0,0
2009-06-13,0,0
2009-06-14,0,0
2009-06-15,0,0
2009-06-16,0,0
2009-06-17,0,0
2009-06-18,0,0
2009-06-19,0,0
2009-06-20,0,0
2009-06-21,0,0
2009-06-22,0,0
2009-06-23,0,0
2009-06-24,0,0
2009-06-25,0,0
2009-06-26,0,0
2009-06-27,0,0
2009-06-28,0,0
2009-06-29,0,0
2009-06-30,0,0
2009-07-01,0,0
2009-07-02,0,0
2009-07-03,0,0
2009-07-04,0,0
2009-07-05,0,0
2009-07-06,0,0
2009-07-07,0,0
2009-07-08,0,0
2009-07-09,0,0
2009-07-10,0,0
2009-07-11,0,0
2009-07-12,0,0
2009-07-13,0,0
2009-07-14,0,0
2009-07-15,0,0
2009-07-16,0,0
2009-07-17,0,0
2009-07-18,0,0
2009-07-19,0,0
2009-07-20,0,0
2009-07-21,0,0
2009-07-22,0,0
2009-07-23,0,0
2009-07-24,0,0
2009-07-25,0,0
2009-07-26,0,0
2009-07-27,0,0
2009-07-28,0,0
2009-07-29,0,0
2009-07-30,0,0
2009-07-31,0,0
2009-08-01,0,0
2009-08-02,0,0
2009-08-03,0,0
2009-08-04,0,0
2009-08-05,0,0
2009-08-06,0,0
2009-08-07,0,0
2009-08-08,0,0
2009-08-09,0,0
2009-08-10,0,0
2009-08-11,0,0
2009-08-12,0,0
2009-08-13,0,0
2009-08-14,0,0
2009-08-15,0,0
2009-08-16,0,0
2009-08-17,0,0
2009-08-18,0,0
2009-08-19,0,0
2009-08-20,0,0
2009-08-21,0,0
2009-08-22,0,0
2009-08-23,0,0
2009-08-24,0,0
2009-08-25,0,0
2009-08-26,0,0
2009-08-27,0,0
2009-08-28,0,0
2009-08-29,0,0
2009-08-30,0,0
2009-08-31,0,0
2009-09-01,0,0
2009-09-02,0,0
2009-09-03,0,0
2009-09-04,0,0
2009-09-05,0,0
2009-09-06,0,0
2009-09-07,0,0
2009-09-08,0,0
2009-09-09,0,0
2009-09-10,0,0
2009-09-11,0,0
2009-09-12,0,0
2009-09-13,0,0
2009-09-14,0,0
2009-09-15,0,0
2009-09-16,0,0
2009-09-17,0,0
2009-09-18,0,0
2009-09-19,0,0
2009-09-20,0,0
2009-09-21,0,0
2009-09-22,0,0
2009-09-23,0,0
2009-09-24,0,0
2009-09-25,0,0
2009-09-26,0,0
2009-09-27,0,0
2009-09-28,0,0
2009-09-29,0,0
2009-09-30,0,0
2009-10-01,0,0
2009-10-02,0,0
2009-10-03,0,0
2009-10-04,0,0
2009-10-05,0,0
2009-10-06,0,0
2009-10-07,0,0
2009-10-08,0,0
2009-10-09,0,0
2009-10-10,0,0
2009-10-11,0,0
2009-10-12,0,0
2009-10-13,0,0
2009-10-14,0,0
2009-10-15,0,0
2009-10-16,0,0
2009-10-17,0,0
2009-10-18,0,0
2009-10-19,0,0
2009-10-20,0,0
2009-10-21,0,0
2009-10-22,0,0
2009-10-23,0,0
2009-10-24,0,0
2009-10-25,0,0
2009-10-26,0,0
2009-10-27,0,0
2009-10-28,0,0
2009-10-29,0,0
2009-10-30,0,0
2009-10-31,0,0
2009-11-01,0,0
2009-11-02,0,0
2009-11-03,0,0
2009-11-04,0,0
2009-11-05,0,0
2009-11-06,0,0
2009-11-07,0,0
2009-11-08,0,0
2009-11-09,0,0
2009-11-10,0,0
2009-11-11,0,0
2009-11-12,0,0
2009-11-13,0,0
2009-11-14,0,0
2009-11-15,0,0
2009-11-16,0,0
2009-11-17,0,0
2009-11-18,0,0
2009-11-19,0,0
2009-11-20,0,0
2009-11-21,0,0
2009-11-22,0,0
2009-11-23,0,0
2009-11-24,0,0
2009-11-25,0,0
2009-11-26,0,0
2009-11-27,0,0
2009-11-28,0,0
2009-11-29,0,0
2009-11-30,0,0
2009-12-01,0,0
2009-12-02,0,0
2009-12-03,0,0
2009-12-04,0,0
2009-12-05,0,0
2009-12-06,0,0
2009-12-07,0,0
2009-12-08,0,0
2009-12-09,0,0
2009-12-10,0,0
2009-12-11,0,0
2009-12-12,0,0
2009-12-13,0,0
2009-12-14,0,0
2009-12-15,0,0
2009-12-16,0,0
2009-12-17,0,0
2009-12-18,0,0
2009-12-19,0,0
2009-12-20,0,0
2009-12-21,0,0
2009-12-22,0,0
2009-12-23,0,0
2009-12-24,0,0
2009-12-25,0,0
2009-12-26,0,0
2009-12-27,0,0
2009-12-28,0,0
2009-12-29,0,0
2009-12-30,0,0
2009-12-31,0,0
2010-01-01,0,0
2010-01-02,0,0
2010-01-03,0,0
2010-01-04,0,0
2010-01-05,0,0
2010-01-06,0,0
2010-01-07,0,0
2010-01-08,0,0
2010-01-09,0,0
2010-01-10,0,0
2010-01-11,0,0
2010-01-12,0,0
2010-01-13,0,0
2010-01-14,0,0
2010-01-15,0,0
2010-01-16,0,0
2010-01-17,0,0
2010-01-18,0,0
2010-01-19,0,0
2010-01-20,0,0
2010-01-21,0,0
2010-01-22,0,0
2010-01-23,0,0
2010-01-24,0,0
2010-01-25,0,0
2010-01-26,0,0
2010-01-27,0,0
2010-01-28,0,0
2010-01-29,0,0
2010-01-30,0,0
2010-01-31,0,0
2010-02-01,0,0
2010-02-02,0,0
2010-02-03,0,0
2010-02-04,0,0
2010-02-05,0,0
2010-02-06,0,0
2010-02-07,0,0
2010-02-08,0,0
2010-02-09,0,0
2010-02-10,0,0
2010-02-11,0,0
2010-02-12,0,0
2010-02-13,0,0
2010-02-14,0,0
2010-02-15,0,0
2010-02-16,0,0
2010-02-17,0,0
2010-02-18,0,0
2010-02-19,0,0
2010-02-20,0,0
2010-02-21,0,0
2010-02-22,0,0
2010-02-23,0,0
2010-02-24,0,0
2010-02-25,0,0
2010-02-26,0,0
2010-02-27,0,0
2010-02-28,0,0
2010-03-01,0,0
2010-03-02,0,0
2010-03-03,0,0
2010-03-04,0,0
2010-03-05,0,0
2010-03-06,0,0
2010-03-07,0,0
2010-03-08,0,0
2010-03-09,0,0
2010-03-10,0,0
2010-03-11,0,0
2010-03-12,0,0
2010-03-13,0,0
2010-03-14,0,0
2010-03-15,0,0
2010-03-16,0,0
2010-03-17,0,0
2010-03-18,0,0
2010-03-19,0,0
2010-03-20,0,0
2010-03-21,0,0
2010-03-22,0,0
2010-03-23,0,0
2010-03-24,0,0
2010-03-25,0,0
2010-03-26,0,0
2010-03-27,0,0
2010-03-28,0,0
2010-03-29,0,0
2010-03-30,0,0
2010-03-31,0,0
2010-04-01,0,0
2010-04-02,0,0
2010-04-03,0,0
2010-04-04,0,0
2010-04-05,0,0
2010-04-06,0,0
2010-04-07,0,0
2010-04-08,0,0
2010-04-09,0,0
2010-04-10,0,0
2010-04-11,0,0
2010-04-12,0,0
2010-04-13,0,0
2010-04-14,0,0
2010-04-15,0,0
2010-04-16,0,0
2010-04-17,0,0
2010-04-18,0,0
2010-04-19,0,0
2010-04-20,0,0
2010-04-21,0,0
2010-04-22,0,0
2010-04-23,0,0
2010-04-24,0,0
2010-04-25,0,0
2010-04-26,0,0
2010-04-27,0,0
2010-04-28,0,0
2010-04-29,0,0
2010-04-30,0,0
2010-05-01,0,0
2010-05-02,0,0
2010-05-03,0,0
2010-05-04,0,0
2010-05-05,0,0
2010-05-06,0,0
2010-05-07,0,0
2010-05-08,0,0
2010-05-09,0,0
2010-05-10,0,0
2010-05-11,0,0
2010-05-12,0,0
2010-05-13,0,0
2010-05-14,0,0
2010-05-15,0,0
2010-05-16,0,0
2010-05-17,0,0
2010-05-18,0,0
2010-05-19,0,0
2010-05-20,0,0
2010-05-21,0,0
2010-05-22,0,0
2010-05-23,0,0
2010-05-24,0,0
2010-05-25,0,0
2010-05-26,0,0
2010-05-27,0,0
2010-05-28,0,0
2010-05-29,0,0
2010-05-30,0,0
2010-05-31,0,0
2010-06-01,0,0
2010-06-02,0,0
2010-06-03,0,0
2010-06-04,0,0
2010-06-05,0,0
2010-06-06,0,0
2010-06-07,0,0
2010-06-08,0,0
2010-06-09,0,0
2010-06-10,0,0
2010-06-11,0,0
2010-06-12,0,0
2010-06-13,0,0
2010-06-14,0,0
2010-06-15,0,0
2010-06-16,0,0
2010-06-17,0,0
2010-06-18,0,0
2010-06-19,0,0
2010-06-20,0,0
2010-06-21,0,0
2010-06-22,0,0
2010-06-23,0,0
2010-06-24,0,0
2010-06-25,0,0
2010-06-26,0,0
2010-06-27,0,0
2010-06-28,0,0
2010-06-29,0,0
2010-06-30,0,0
2010-07-01,0,0
2010-07-02,0,0
2010-07-03,0,0
2010-07-04,0,0
2010-07-05,0,0
2010-07-06,0,0
2010-07-07,0,0
2010-07-08,0,0
2010-07-09,0,0
2010-07-10,0,0
2010-07-11,0,0
2010-07-12,0,0
2010-07-13,0,0
2010-07-14,0,0
2010-07-15,0,0
2010-07-16,0,0
2010-07-17,0,0
2010-07-18,0,0
2010-07-19,0,0
2010-07-20,0,0
2010-07-21,0,0
2010-07-22,0,0
2010-07-23,0,0
2010-07-24,0,0
2010-07-25,0,0
2010-07-26,0,0
2010-07-27,0,0
2010-07-28,0,0
2010-07-29,0,0
2010-07-30,0,0
2010-07-31,0,0
2010-08-01,0,0
2010-08-02,0,0
2010-08-03,0,0
2010-08-04,0,0
2010-08-05,0,0
2010-08-06,0,0
2010-08-07,0,0
2010-08-08,0,0
2010-08-09,0,0
2010-08-10,0,0
2010-08-11,0,0
2010-08-12,0,0
2010-08-13,0,0
2010-08-14,0,0
2010-08-15,0,0
2010-08-16,0,0
2010-08-17,0,0
2010-08-18,0,0
2010-08-19,0,0
2010-08-20,0,0
2010-08-21,0,0
2010-08-22,0,0
2010-08-23,0,0
2010-08-24,0,0
2010-08-25,0,0
2010-08-26,0,0
2010-08-27,0,0
2010-08-28,0,0
2010-08-29,0,0
2010-08-30,0,0
2010-08-31,0,0
2010-09-01,0,0
2010-09-02,0,0
2010-09-03,0,0
2010-09-04,0,0
2010-09-05,0,0
2010-09-06,0,0
2010-09-07,0,0
2010-09-08,0,0
2010-09-09,0,0
2010-09-10,0,0
2010-09-11,0,0
2010-09-12,0,0
2010-09-13,0,0
2010-09-14,0,0
2010-09-15,0,0
2010-09-16,0,0
2010-09-17,0,0
2010-09-18,0,0
2010-09-19,0,0
2010-09-20,0,0
2010-09-21,0,0
2010-09-22,0,0
2010-09-23,0,0
2010-09-24,0,0
2010-09-25,0,0
2010-09-26,0,0
2010-09-27,0,0
2010-09-28,0,0
2010-09-29,0,0
2010-09-30,0,0
2010-10-01,0,0
2010-10-02,0,0
2010-10-03,0,0
2010-10-04,0,0
2010-10-05,0,0
2010-10-06,0,0
2010-10-07,0,0
2010-10-08,0,0
2010-10-09,0,0
2010-10-10,0,0
2010-10-11,0,0
2010-10-12,0,0
2010-10-13,0,0
2010-10-14,0,0
2010-10-15,0,0
2010-10-16,0,0
2010-10-17,0,0
2010-10-18,0,0
2010-10-19,0,0
2010-10-20,0,0
2010-10-21,0,0
2010-10-22,0,0
2010-10-23,0,0
2010-10-24,0,0
2010-10-25,0,0
2010-10-26,0,0
2010-10-27,0,0
2010-10-28,0,0
2010-10-29,0,0
2010-10-30,0,0
2010-10-31,0,0
2010-11-01,0,0
2010-11-02,0,0
2010-11-03,0,0
2010-11-04,0,0
2010-11-05,0,0
2010-11-06,0,0
2010-11-07,0,0
2010-11-08,0,0
2010-11-09,0,0
2010-11-10,0,0
2010-11-11,0,0
2010-11-12,0,0
2010-11-13,0,0
2010-11-14,0,0
2010-11-15,0,0
2010-11-16,0,0
2010-11-17,0,0
2010-11-18,0,0
2010-11-19,0,0
2010-11-20,0,0
2010-11-21,0,0
2010-11-22,0,0
2010-11-23,0,0
2010-11-24,0,0
2010-11-25,0,0
2010-11-26,0,0
2010-11-27,0,0
2010-11-28,0,0
2010-11-29,0,0
2010-11-30,0,0
2010-12-01,0,0
2010-12-02,0,0
2010-12-03,0,0
2010-12-04,0,0
2010-12-05,0,0
2010-12-06,0,0
2010-12-07,0,0
2010-12-08,0,0
2010-12-09,0,0
2010-12-10,0,0
2010-12-11,0,0
2010-12-12,0,0
2010-12-13,0,0
2010-12-14,0,0
2010-12-15,0,0
2010-12-16,0,0
2010-12-17,0,0
2010-12-18,0,0
2010-12-19,0,0
2010-12-20,0,0
2010-12-21,0,0
2010-12-22,0,0
2010-12-23,0,0
2010-12-24,0,0
2010-12-25,0,0
2010-12-26,0,0
2010-12-27,0,0
2010-12-28,0,0
2010-12-29,0,0
2010-12-30,0,0
2010-12-31,0,0
2011-01-01,0,0
2011-01-02,0,0
2011-01-03,0,0
2011-01-04,0,0
2011-01-05,0,0
2011-01-06,0,0
2011-01-07,0,0
2011-01-08,0,0
2011-01-09,0,0
2011-01-10,0,0
2011-01-11,0,0
2011-01-12,0,0
2011-01-13,0,0
2011-01-14,0,0
2011-01-15,0,0
2011-01-16,0,0
2011-01-17,0,0
2011-01-18,0,0
2011-01-19,0,0
2011-01-20,0,0
2011-01-21,0,0
2011-01-22,0,0
2011-01-23,0,0
2011-01-24,0,0
2011-01-25,0,0
2011-01-26,0,0
2011-01-27,0,0
2011-01-28,0,0
2011-01-29,0,0
2011-01-30,0,0
2011-01-31,0,0
2011-02-01,0,0
2011-02-02,0,0
2011-02-03,0,0
2011-02-04,0,0
2011-02-05,0,0
2011-02-06,0,0
2011-02-07,0,0
2011-02-08,0,0
2011-02-09,0,0
2011-02-10,0,0
2011-02-11,0,0
2011-02-12,0,0
2011-02-13,0,0
2011-02-14,0,0
2011-02-15,0,0
2011-02-16,0,0
2011-02-17,0,0
2011-02-18,0,0
2011-02-19,0,0
2011-02-20,0,0
2011-02-21,0,0
2011-02-22,0,0
2011-02-23,0,0
2011-02-24,0,0
2011-02-25,0,0
2011-02-26,0,0
2011-02-27,0,0
2011-02-28,0,0
2011-03-01,0,0
2011-03-02,0,0
2011-03-03,0,0
2011-03-04,0,0
2011-03-05,0,0
2011-03-06,0,0
2011-03-07,0,0
2011-03-08,0,0
2011-03-09,0,0
2011-03-10,0,0
2011-03-11,0,0
2011-03-12,0,0
2011-03-13,0,0
2011-03-14,0,0
2011-03-15,0,0
2011-03-16,0,0
2011-03-17,0,0
2011-03-18,0,0
2011-03-19,0,0
2011-03-20,0,0
2011-03-21,0,0
2011-03-22,0,0
2011-03-23,0,0
2011-03-24,0,0
2011-03-25,0,0
2011-03-26,0,0
2011-03-27,0,0
2011-03-28,0,0
2011-03-29,0,0
2011-03-30,0,0
2011-03-31,0,0
2011-04-01,0,0
2011-04-02,0,0
2011-04-03,0,0
2011-04-04,0,0
2011-04-05,0,0
2011-04-06,0,0
2011-04-07,0,0
2011-04-08,0,0
2011-04-09,0,0
2011-04-10,0,0
2011-04-11,0,0
2011-04-12,0,0
2011-04-13,0,0
2011-04-14,0,0
2011-04-15,0,0
2011-04-16,0,0
2011-04-17,0,0
2011-04-18,0,0
2011-04-19,0,0
2011-04-20,0,0
2011-04-21,0,0
2011-04-22,0,0
2011-04-23,0,0
2011-04-24,0,0
2011-04-25,0,0
2011-04-26,0,0
2011-04-27,0,0
2011-04-28,0,0
2011-04-29,0,0
2011-04-30,0,0
2011-05-01,0,0
2011-05-02,0,0
2011-05-03,0,0
2011-05-04,0,0
2011-05-05,0,0
2011-05-06,0,0
2011-05-07,0,0
2011-05-08,0,0
2011-05-09,0,0
2011-05-10,0,0
2011-05-11,0,0
2011-05-12,0,0
2011-05-13,0,0
2011-05-14,0,0
2011-05-15,0,0
2011-05-16,0,0
2011-05-17,0,0
2011-05-18,0,0
2011-05-19,0,0
2011-05-20,0,0
2011-05-21,0,0
2011-05-22,0,0
2011-05-23,0,0
2011-05-24,0,0
2011-05-25,0,0
2011-05-26,0,0
2011-05-27,0,0
2011-05-28,0,0
2011-05-29,0,0
2011-05-30,0,0
2011-05-31,0,0
2011-06-01,0,0
2011-06-02,0,0
2011-06-03,0,0
2011-06-04,0,0
2011-06-05,0,0
2011-06-06,0,0
2011-06-07,0,0
2011-06-08,0,0
2011-06-09,0,0
2011-06-10,0,0
2011-06-11,0,0
2011-06-12,0,0
2011-06-13,0,0
2011-06-14,0,0
2011-06-15,0,0
2011-06-16,0,0
2011-06-17,0,0
2011-06-18,0,0
2011-06-19,0,0
2011-06-20,0,0
2011-06-21,0,0
2011-06-22,0,0
2011-06-23,0,0
2011-06-24,0,0
2011-06-25,0,0
2011-06-26,0,0
2011-06-27,0,0
2011-06-28,0,0
2011-06-29,0,0
2011-06-30,0,0
2011-07-01,0,0
2011-07-02,0,0
2011-07-03,0,0
2011-07-04,0,0
2011-07-05,0,0
2011-07-06,0,0
2011-07-07,0,0
2011-07-08,0,0
2011-07-09,0,0
2011-07-10,0,0
2011-07-11,0,0
2011-07-12,0,0
2011-07-13,0,0
2011-07-14,0,0
2011-07-15,0,0
2011-07-16,0,0
2011-07-17,0,0
2011-07-18,0,0
2011-07-19,0,0
2011-07-20,0,0
2011-07-21,0,0
2011-07-22,0,0
2011-07-23,0,0
2011-07-24,0,0
2011-07-25,0,0
2011-07-26,0,0
2011-07-27,0,0
2011-07-28,0,0
2011-07-29,0,0
2011-07-30,0,0
2011-07-31,0,0
2011-08-01,0,0
2011-08-02,0,0
2011-08-03,0,0
2011-08-04,0,0
2011-08-05,0,0
2011-08-06,0,0
2011-08-07,0,0
2011-08-08,0,0
2011-08-09,0,0
2011-08-10,0,0
2011-08-11,0,0
2011-08-12,0,0
2011-08-13,0,0
2011-08-14,0,0
2011-08-15,0,0
2011-08-16,0,0
2011-08-17,0,0
2011-08-18,0,0
2011-08-19,0,0
2011-08-20,0,0
2011-08-21,0,0
2011-08-22,0,0
2011-08-23,0,0
2011-08-24,0,0
2011-08-25,0,0
2011-08-26,0,0
2011-08-27,0,0
2011-08-28,0,0
2011-08-29,0,0
2011-08-30,0,0
2011-08-31,0,0
2011-09-01,0,0
2011-09-02,0,0
2011-09-03,0,0
2011-09-04,0,0
2011-09-05,0,0
2011-09-06,0,0
2011-09-07,0,0
2011-09-08,0,0
2011-09-09,0,0
2011-09-10,0,0
2011-09-11,0,0
2011-09-12,0,0
2011-09-13,0,0
2011-09-14,0,0
2011-09-15,0,0
2011-09-16,0,0
2011-09-17,0,0
2011-09-18,0,0
2011-09-19,0,0
2011-09-20,0,0
2011-09-21,0,0
2011-09-22,0,0
2011-09-23,0,0
2011-09-24,0,0
2011-09-25,0,0
2011-09-26,0,0
2011-09-27,0,0
2011-09-28,0,0
2011-09-29,0,0
2011-09-30,0,0
2011-10-01,0,0
2011-10-02,0,0
2011-10-03,0,0
2011-10-04,0,0
2011-10-05,0,0
2011-10-06,0,0
2011-10-07,0,0
2011-10-08,0,0
2011-10-09,0,0
2011-10-10,0,0
2011-10-11,0,0
2011-10-12,0,0
2011-10-13,0,0
2011-10-14,0,0
2011-10-15,0,0
2011-10-16,0,0
2011-10-17,0,0
2011-10-18,0,0
2011-10-19,0,0
2011-10-20,0,0
2011-10-21,0,0
2011-10-22,0,0
2011-10-23,0,0
2011-10-24,0,0
2011-10-25,0,0
2011-10-26,0,0
2011-10-27,0,0
2011-10-28,0,0
2011-10-29,0,0
2011-10-30,0,0
2011-10-31,0,0
2011-11-01,0,0
2011-11-02,0,0
2011-11-03,0,0
2011-11-04,0,0
2011-11-05,0,0
2011-11-06,0,0
2011-11-07,0,0
2011-11-08,0,0
2011-11-09,0,0
2011-11-10,0,0
2011-11-11,0,0
2011-11-12,0,0
2011-11-13,0,0
2011-11-14,0,0
2011-11-15,0,0
2011-11-16,0,0
2011-11-17,0,0
2011-11-18,0,0
2011-11-19,0,0
2011-11-20,0,0
2011-11-21,0,0
2011-11-22,0,0
2011-11-23,0,0
2011-11-24,0,0
2011-11-25,0,0
2011-11-26,0,0
2011-11-27,0,0
2011-11-28,0,0
2011-11-29,0,0
2011-11-30,0,0
2011-12-01,0,0
2011-12-02,0,0
2011-12-03,0,0
2011-12-04,0,0
2011-12-05,0,0
2011-12-06,0,0
2011-12-07,0,0
2011-12-08,0,0
2011-12-09,0,0
2011-12-10,0,0
2011-12-11,0,0
2011-12-12,0,0
2011-12-13,0,0
2011-12-14,0,0
2011-12-15,0,0
2011-12-16,0,0
2011-12-17,0,0
2011-12-18,0,0
2011-12-19,0,0
2011-12-20,0,0
2011-12-21,0,0
2011-12-22,0,0
2011-12-23,0,0
2011-12-24,0,0
2011-12-25,0,0
2011-12-26,0,0
2011-12-27,0,0
2011-12-28,0,0
2011-12-29,0,0
2011-12-30,0,0
2011-12-31,0,0
2012-01-01,0,0
2012-01-02,0,0
2012-01-03,0,0
2012-01-04,0,0
2012-01-05,0,0
2012-01-06,0,0
2012-01-07,0,0
2012-01-08,0,0
2012-01-09,0,0
2012-01-10,0,0
2012-01-11,0,0
2012-01-12,0,0
2012-01-13,0,0
2012-01-14,0,0
2012-01-15,0,0
2012-01-16,0,0
2012-01-17,0,0
2012-01-18,0,0
2012-01-19,0,0
2012-01-20,0,0
2012-01-21,0,0
2012-01-22,0,0
2012-01-23,0,0
2012-01-24,0,0
2012-01-25,0,0
2012-01-26,0,0
2012-01-27,0,0
2012-01-28,0,0
2012-01-29,0,0
2012-01-30,0,0
2012-01-31,0,0
2012-02-01,0,0
2012-02-02,0,0
2012-02-03,0,0
2012-02-04,0,0
2012-02-05,0,0
2012-02-06,0,0
2012-02-07,0,0
2012-02-08,0,0
2012-02-09,0,0
2012-02-10,0,0
2012-02-11,0,0
2012-02-12,0,0
2012-02-13,0,0
2012-02-14,0,0
2012-02-15,0,0
2012-02-16,0,0
2012-02-17,0,0
2012-02-18,0,0
2012-02-19,0,0
2012-02-20,0,0
2012-02-21,0,0
2012-02-22,0,0
2012-02-23,0,0
2012-02-24,0,0
2012-02-25,0,0
2012-02-26,0,0
2012-02-27,0,0
2012-02-28,0,0
2012-02-29,0,0
2012-03-01,0,0
2012-03-02,0,0
2012-03-03,0,0
2012-03-04,0,0
2012-03-05,0,0
2012-03-06,0,0
2012-03-07,0,0
2012-03-08,0,0
2012-03-09,0,0
2012-03-10,0,0
2012-03-11,0,0
2012-03-12,0,0
2012-03-13,0,0
2012-03-14,0,0
2012-03-15,0,0
2012-03-16,0,0
2012-03-17,0,0
2012-03-18,0,0
2012-03-19,0,0
2012-03-20,0,0
2012-03-21,0,0
2012-03-22,0,0
2012-03-23,0,0
2012-03-24,0,0
2012-03-25,0,0
2012-03-26,0,0
2012-03-27,0,0
2012-03-28,0,0
2012-03-29,0,0
2012-03-30,0,0
2012-03-31,0,0
2012-04-01,0,0
2012-04-02,0,0
2012-04-03,0,0
2012-04-04,0,0
2012-04-05,0,0
2012-04-06,0,0
2012-04-07,0,0
2012-04-08,0,0
2012-04-09,0,0
2012-04-10,0,0
2012-04-11,0,0
2012-04-12,0,0
2012-04-13,0,0
2012-04-14,0,0
2012-04-15,0,0
2012-04-16,0,0
2012-04-17,0,0
2012-04-18,0,0
2012-04-19,0,0
2012-04-20,0,0
2012-04-21,0,0
2012-04-22,0,0
2012-04-23,0,0
2012-04-24,0,0
2012-04-25,0,0
2012-04-26,0,0
2012-04-27,0,0
2012-04-28,0,0
2012-04-29,0,0
2012-04-30,0,0
2012-05-01,0,0
2012-05-02,0,0
2012-05-03,0,0
2012-05-04,0,0
2012-05-05,0,0
2012-05-06,0,0
2012-05-07,0,0
2012-05-08,0,0
2012-05-09,0,0
2012-05-10,0,0
2012-05-11,0,0
2012-05-12,0,0
2012-05-13,0,0
2012-05-14,0,0
2012-05-15,0,0
2012-05-16,0,0
2012-05-17,0,0
2012-05-18,0,0
2012-05-19,0,0
2012-05-20,0,0
2012-05-21,0,0
2012-05-22,0,0
2012-05-23,0,0
2012-05-24,0,0
2012-05-25,0,0
2012-05-26,0,0
2012-05-27,0,0
2012-05-28,0,0
2012-05-29,0,0
2012-05-30,0,0
2012-05-31,0,0
2012-06-01,0,0
2012-06-02,0,0
2012-06-03,0,0
2012-06-04,0,0
2012-06-05,0,0
2012-06-06,0,0
2012-06-07,0,0
2012-06-08,0,0
2012-06-09,0,0
2012-06-10,0,0
2012-06-11,0,0
2012-06-12,0,0
2012-06-13,0,0
2012-06-14,0,0
2012-06-15,0,0
2012-06-16,0,0
2012-06-17,0,0
2012-06-18,0,0
2012-06-19,0,0
2012-06-20,0,0
2012-06-21,0,0
2012-06-22,0,0
2012-06-23,0,0
2012-06-24,0,0
2012-06-25,0,0
2012-06-26,0,0
2012-06-27,0,0
2012-06-28,0,0
2012-06-29,0,0
2012-06-30,0,0
2012-07-01,0,0
2012-07-02,0,0
2012-07-03,0,0
2012-07-04,0,0
2012-07-05,0,0
2012-07-06,0,0
2012-07-07,0,0
2012-07-08,0,0
2012-07-09,0,0
2012-07-10,0,0
2012-07-11,0,0
2012-07-12,0,0
2012-07-13,0,0
2012-07-14,0,0
2012-07-15,0,0
2012-07-16,0,0
2012-07-17,0,0
2012-07-18,0,0
2012-07-19,0,0
2012-07-20,0,0
2012-07-21,0,0
2012-07-22,0,0
2012-07-23,0,0
2012-07-24,0,0
2012-07-25,0,0
2012-07-26,0,0
2012-07-27,0,0
2012-07-28,0,0
2012-07-29,0,0
2012-07-30,0,0
2012-07-31,0,0
2012-08-01,0,0
2012-08-02,0,0
2012-08-03,0,0
2012-08-04,0,0
2012-08-05,0,0
2012-08-06,0,0
2012-08-07,0,0
2012-08-08,0,0
2012-08-09,0,0
2012-08-10,0,0
2012-08-11,0,0
2012-08-12,0,0
2012-08-13,0,0
2012-08-14,0,0
2012-08-15,0,0
2012-08-16,0,0
2012-08-17,0,0
2012-08-18,0,0
2012-08-19,0,0
2012-08-20,0,0
2012-08-21,0,0
2012-08-22,0,0
2012-08-23,0,0
2012-08-24,0,0
2012-08-25,0,0
2012-08-26,0,0
2012-08-27,0,0
2012-08-28,0,0
2012-08-29,0,0
2012-08-30,0,0
2012-08-31,0,0
2012-09-01,0,0
2012-09-02,0,0
2012-09-03,0,0
2012-09-04,0,0
2012-09-05,0,0
2012-09-06,0,0
2012-09-07,0,0
2012-09-08,0,0
2012-09-09,0,0
2012-09-10,0,0
2012-09-11,0,0
2012-09-12,0,0
2012-09-13,0,0
2012-09-14,0,0
2012-09-15,0,0
2012-09-16,0,0
2012-09-17,0,0
2012-09-18,0,0
2012-09-19,0,0
2012-09-20,0,0
2012-09-21,0,0
2012-09-22,0,0
2012-09-23,0,0
2012-09-24,0,0
2012-09-25,0,0
2012-09-26,0,0
2012-09-27,0,0
2012-09-28,0,0
2012-09-29,0,0
2012-09-30,0,0
2012-10-01,0,0
2012-10-02,0,0
2012-10-03,0,0
2012-10-04,0,0
2012-10-05,0,0
2012-10-06,0,0
2012-10-07,0,0
2012-10-08,0,0
2012-10-09,0,0
2012-10-10,0,0
2012-10-11,0,0
2012-10-12,0,0
2012-10-13,0,0
2012-10-14,0,0
2012-10-15,0,0
2012-10-16,0,0
2012-10-17,0,0
2012-10-18,0,0
2012-10-19,0,0
2012-10-20,0,0
2012-10-21,0,0
2012-10-22,0,0
2012-10-23,0,0
2012-10-24,0,0
2012-10-25,0,0
2012-10-26,0,0
2012-10-27,0,0
2012-10-28,0,0
2012-10-29,0,0
2012-10-30,0,0
2012-10-31,0,0
2012-11-01,0,0
2012-11-02,0,0
2012-11-03,0,0
2012-11-04,0,0
2012-11-05,0,0
2012-11-06,0,0
2012-11-07,0,0
2012-11-08,0,0
2012-11-09,0,0
2012-11-10,0,0
2012-11-11,0,0
2012-11-12,0,0
2012-11-13,0,0
2012-11-14,0,0
2012-11-15,0,0
2012-11-16,0,0
2012-11-17,0,0
2012-11-18,0,0
2012-11-19,0,0
2012-11-20,0,0
2012-11-21,0,0
2012-11-22,0,0
2012-11-23,0,0
2012-11-24,0,0
2012-11-25,0,0
2012-11-26,0,0
2012-11-27,0,0
2012-11-28,0,0
2012-11-29,0,0
2012-11-30,0,0
2012-12-01,0,0
2012-12-02,0,0
2012-12-03,0,0
2012-12-04,0,0
2012-12-05,0,0
2012-12-06,0,0
2012-12-07,0,0
2012-12-08,0,0
2012-12-09,0,0
2012-12-10,0,0
2012-12-11,0,0
2012-12-12,0,0
2012-12-13,0,0
2012-12-14,0,0
2012-12-15,0,0
2012-12-16,0,0
2012-12-17,0,0
2012-12-18,0,0
2012-12-19,0,0
2012-12-20,0,0
2012-12-21,0,0
2012-12-22,0,0
2012-12-23,0,0
2012-12-24,0,0
2012-12-25,0,0
2012-12-26,0,0
2012-12-27,0,0
2012-12-28,0,0
2012-12-29,0,0
2012-12-30,0,0
2012-12-31,0,0
2013-01-01,0,0
2013-01-02,0,0
2013-01-03,0,0
2013-01-04,0,0
2013-01-05,0,0
2013-01-06,0,0
2013-01-07,0,0
2013-01-08,0,0
2013-01-09,0,0
2013-01-10,0,0
2013-01-11,0,0
2013-01-12,0,0
2013-01-13,0,0
2013-01-14,0,0
2013-01-15,0,0
2013-01-16,0,0
2013-01-17,0,0
2013-01-18,0,0
2013-01-19,0,0
2013-01-20,0,0
2013-01-21,0,0
2013-01-22,0,0
2013-01-23,0,0
2013-01-24,0,0
2013-01-25,0,0
2013-01-26,0,0
2013-01-27,0,0
2013-01-28,0,0
2013-01-29,0,0
2013-01-30,0,0
2013-01-31,0,0
2013-02-01,0,0
2013-02-02,0,0
2013-02-03,0,0
2013-02-04,0,0
2013-02-05,0,0
2013-02-06,0,0
2013-02-07,0,0
2013-02-08,0,0
2013-02-09,0,0
2013-02-10,0,0
2013-02-11,0,0
2013-02-12,0,0
2013-02-13,0,0
2013-02-14,0,0
2013-02-15,0,0
2013-02-16,0,0
2013-02-17,0,0
2013-02-18,0,0
2013-02-19,0,0
2013-02-20,0,0
2013-02-21,0,0
2013-02-22,0,0
2013-02-23,0,0
2013-02-24,0,0
2013-02-25,0,0
2013-02-26,0,0
2013-02-27,0,0
2013-02-28,0,0
2013-03-01,0,0
2013-03-02,0,0
2013-03-03,0,0
2013-03-04,0,0
2013-03-05,0,0
2013-03-06,0,0
2013-03-07,0,0
2013-03-08,0,0
2013-03-09,0,0
2013-03-10,0,0
2013-03-11,0,0
2013-03-12,0,0
2013-03-13,0,0
2013-03-14,0,0
2013-03-15,0,0
2013-03-16,0,0
2013-03-17,0,0
2013-03-18,0,0
2013-03-19,0,0
2013-03-20,0,0
2013-03-21,0,0
2013-03-22,0,0
2013-03-23,0,0
2013-03-24,0,0
2013-03-25,0,0
2013-03-26,0,0
2013-03-27,0,0
2013-03-28,0,0
2013-03-29,0,0
2013-03-30,0,0
2013-03-31,0,0
2013-04-01,0,0
2013-04-02,0,0
2013-04-03,0,0
2013-04-04,0,0
2013-04-05,0,0
2013-04-06,0,0
2013-04-07,0,0
2013-04-08,0,0
2013-04-09,0,0
2013-04-10,0,0
2013-04-11,0,0
2013-04-12,0,0
2013-04-13,0,0
2013-04-14,0,0
2013-04-15,0,0
2013-04-16,0,0
2013-04-17,0,0
2013-04-18,0,0
2013-04-19,0,0
2013-04-20,0,0
2013-04-21,0,0
2013-04-22,0,0
2013-04-23,0,0
2013-04-24,0,0
2013-04-25,0,0
2013-04-26,0,0
2013-04-27,0,0
2013-04-28,0,0
2013-04-29,0,0
2013-04-30,0,0
2013-05-01,0,0
2013-05-02,0,0
2013-05-03,0,0
2013-05-04,0,0
2013-05-05,0,0
2013-05-06,0,0
2013-05-07,0,0
2013-05-08,0,0
2013-05-09,0,0
2013-05-10,0,0
2013-05-11,0,0
2013-05-12,0,0
2013-05-13,0,0
2013-05-14,0,0
2013-05-15,0,0
2013-05-16,0,0
2013-05-17,0,0
2013-05-18,0,0
2013-05-19,0,0
2013-05-20,0,0
2013-05-21,0,0
2013-05-22,0,0
2013-05-23,0,0
2013-05-24,0,0
2013-05-25,0,0
2013-05-26,0,0
2013-05-27,0,0
2013-05-28,0,0
2013-05-29,0,0
2013-05-30,0,0
2013-05-31,0,0
2013-06-01,0,0
2013-06-02,0,0
2013-06-03,0,0
2013-06-04,0,0
2013-06-05,0,0
2013-06-06,0,0
2013-06-07,0,0
2013-06-08,0,0
2013-06-09,0,0
2013-06-10,0,0
2013-06-11,0,0
2013-06-12,0,0
2013-06-13,0,0
2013-06-14,0,0
2013-06-15,0,0
2013-06-16,0,0
2013-06-17,0,0
2013-06-18,0,0
2013-06-19,0,0
2013-06-20,0,0
2013-06-21,0,0
2013-06-22,0,0
2013-06-23,0,0
2013-06-24,0,0
2013-06-25,0,0
2013-06-26,0,0
2013-06-27,0,0
2013-06-28,0,0
2013-06-29,0,0
2013-06-30,0,0
2013-07-01,0,0
2013-07-02,0,0
2013-07-03,0,0
2013-07-04,0,0
2013-07-05,0,0
2013-07-06,0,0
2013-07-07,0,0
2013-07-08,0,0
2013-07-09,0,0
2013-07-10,0,0
2013-07-11,0,0
2013-07-12,0,0
2013-07-13,0,0
2013-07-14,0,0
2013-07-15,0,0
2013-07-16,0,0
2013-07-17,0,0
2013-07-18,0,0
2013-07-19,0,0
2013-07-20,0,0
2013-07-21,0,0
2013-07-22,0,0
2013-07-23,0,0
2013-07-24,0,0
2013-07-25,0,0
2013-07-26,0,0
2013-07-27,0,0
2013-07-28,0,0
2013-07-29,0,0
2013-07-30,0,0
2013-07-31,0,0
2013-08-01,0,0
2013-08-02,0,0
2013-08-03,0,0
2013-08-04,0,0
2013-08-05,0,0
2013-08-06,0,0
2013-08-07,0,0
2013-08-08,0,0
2013-08-09,0,0
2013-08-10,0,0
2013-08-11,0,0
2013-08-12,0,0
2013-08-13,0,0
2013-08-14,0,0
2013-08-15,0,0
2013-08-16,0,0
2013-08-17,0,0
2013-08-18,0,0
2013-08-19,0,0
2013-08-20,0,0
2013-08-21,0,0
2013-08-22,0,0
2013-08-23,0,0
2013-08-24,0,0
2013-08-25,0,0
2013-08-26,0,0
2013-08-27,0,0
2013-08-28,0,0
2013-08-29,0,0
2013-08-30,0,0
2013-08-31,0,0
2013-09-01,0,0
2013-09-02,0,0
2013-09-03,0,0
2013-09-04,0,0
2013-09-05,0,0
2013-09-06,0,0
2013-09-07,0,0
2013-09-08,0,0
2013-09-09,0,0
2013-09-10,0,0
2013-09-11,0,0
2013-09-12,0,0
2013-09-13,0,0
2013-09-14,0,0
2013-09-15,0,0
2013-09-16,0,0
2013-09-17,0,0
2013-09-18,0,0
2013-09-19,0,0
2013-09-20,0,0
2013-09-21,0,0
2013-09-22,0,0
2013-09-23,0,0
2013-09-24,0,0
2013-09-25,0,0
2013-09-26,0,0
2013-09-27,0,0
2013-09-28,0,0
2013-09-29,0,0
2013-09-30,0,0
2013-10-01,0,0
2013-10-02,0,0
2013-10-03,0,0
2013-10-04,0,0
2013-10-05,0,0
2013-10-06,0,0
2013-10-07,0,0
2013-10-08,0,0
2013-10-09,0,0
2013-10-10,0,0
2013-10-11,0,0
2013-10-12,0,0
2013-10-13,0,0
2013-10-14,0,0
2013-10-15,0,0
2013-10-16,0,0
2013-10-17,0,0
2013-10-18,0,0
2013-10-19,0,0
2013-10-20,0,0
2013-10-21,0,0
2013-10-22,0,0
2013-10-23,0,0
2013-10-24,0,0
2013-10-25,0,0
2013-10-26,0,0
2013-10-27,0,0
2013-10-28,0,0
2013-10-29,0,0
2013-10-30,0,0
2013-10-31,0,0
2013-11-01,0,0
2013-11-02,0,0
2013-11-03,0,0
2013-11-04,0,0
2013-11-05,0,0
2013-11-06,0,0
2013-11-07,0,0
2013-11-08,0,0
2013-11-09,0,0
2013-11-10,0,0
2013-11-11,0,0
2013-11-12,0,0
2013-11-13,0,0
2013-11-14,0,0
2013-11-15,0,0
2013-11-16,0,0
2013-11-17,0,0
2013-11-18,0,0
2013-11-19,0,0
2013-11-20,0,0
2013-11-21,0,0
2013-11-22,0,0
2013-11-23,0,0
2013-11-24,0,0
2013-11-25,0,0
2013-11-26,0,0
2013-11-27,0,0
2013-11-28,0,0
2013-11-29,0,0
2013-11-30,0,0
2013-12-01,0,0
2013-12-02,0,0
2013-12-03,0,0
2013-12-04,0,0
2013-12-05,0,0
2013-12-06,0,0
2013-12-07,0,0
2013-12-08,0,0
2013-12-09,0,0
2013-12-10,0,0
2013-12-11,0,0
2013-12-12,0,0
2013-12-13,0,0
2013-12-14,0,0
2013-12-15,0,0
2013-12-16,0,0
2013-12-17,0,0
2013-12-18,0,0
2013-12-19,0,0
2013-12-20,0,0
2013-12-21,0,0
2013-12-22,0,0
2013-12-23,0,0
2013-12-24,0,0
2013-12-25,0,0
2013-12-26,0,0
2013-12-27,0,0
2013-12-28,0,0
2013-12-29,0,0
2013-12-30,0,0
2013-12-31,0,0
2014-01-01,0,0
2014-01-02,0,0
2014-01-03,0,0
2014-01-04,0,0
2014-01-05,0,0
2014-01-06,0,0
2014-01-07,0,0
2014-01-08,0,0
2014-01-09,0,0
2014-01-10,0,0
2014-01-11,0,0
2014-01-12,0,0
2014-01-13,0,0
2014-01-14,0,0
2014-01-15,0,0
2014-01-16,0,0
2014-01-17,0,0
2014-01-18,0,0
2014-01-19,0,0
2014-01-20,0,0
2014-01-21,0,0
2014-01-22,0,0
2014-01-23,0,0
2014-01-24,0,0
2014-01-25,0,0
2014-01-26,0,0
2014-01-27,0,0
2014-01-28,0,0
2014-01-29,0,0
2014-01-30,0,0
2014-01-31,0,0
2014-02-01,0,0
2014-02-02,0,0
2014-02-03,0,0
2014-02-04,0,0
2014-02-05,0,0
2014-02-06,0,0
2014-02-07,0,0
2014-02-08,0,0
2014-02-09,0,0
2014-02-10,0,0
2014-02-11,0,0
2014-02-12,0,0
2014-02-13,0,0
2014-02-14,0,0
2014-02-15,0,0
2014-02-16,0,0
2014-02-17,0,0
2014-02-18,0,0
2014-02-19,0,0
2014-02-20,0,0
2014-02-21,0,0
2014-02-22,0,0
2014-02-23,0,0
2014-02-24,0,0
2014-02-25,0,0
2014-02-26,0,0
2014-02-27,0,0
2014-02-28,0,0
2014-03-01,0,0
2014-03-02,0,0
2014-03-03,0,0
2014-03-04,0,0
2014-03-05,0,0
2014-03-06,0,0
2014-03-07,0,0
2014-03-08,0,0
2014-03-09,0,0
2014-03-10,0,0
2014-03-11,0,0
2014-03-12,0,0
2014-03-13,0,0
2014-03-14,0,0
2014-03-15,0,0
2014-03-16,0,0
2014-03-17,0,0
2014-03-18,0,0
2014-03-19,0,0
2014-03-20,0,0
2014-03-21,0,0
2014-03-22,0,0
2014-03-23,0,0
2014-03-24,0,0
2014-03-25,0,0
2014-03-26,0,0
2014-03-27,0,0
2014-03-28,0,0
2014-03-29,0,0
2014-03-30,0,0
2014-03-31,0,0
2014-04-01,0,0
2014-04-02,0,0
2014-04-03,0,0
2014-04-04,0,0
2014-04-05,0,0
2014-04-06,0,0
2014-04-07,0,0
2014-04-08,0,0
2014-04-09,0,0
2014-04-10,0,0
2014-04-11,0,0
2014-04-12,0,0
2014-04-13,0,0
2014-04-14,0,0
2014-04-15,0,0
2014-04-16,0,0
2014-04-17,0,0
2014-04-18,0,0
2014-04-19,0,0
2014-04-20,0,0
2014-04-21,0,0
2014-04-22,0,0
2014-04-23,0,0
2014-04-24,0,0
2014-04-25,0,0
2014-04-26,0,0
2014-04-27,0,0
2014-04-28,0,0
2014-04-29,0,0
2014-04-30,0,0
2014-05-01,0,0
2014-05-02,0,0
2014-05-03,0,0
2014-05-04,0,0
2014-05-05,0,0
2014-05-06,0,0
2014-05-07,0,0
2014-05-08,0,0
2014-05-09,0,0
2014-05-10,0,0
2014-05-11,0,0
2014-05-12,0,0
2014-05-13,0,0
2014-05-14,0,0
2014-05-15,0,0
2014-05-16,0,0
2014-05-17,0,0
2014-05-18,0,0
2014-05-19,0,0
2014-05-20,0,0
2014-05-21,0,0
2014-05-22,0,0
2014-05-23,0,0
2014-05-24,0,0
2014-05-25,0,0
2014-05-26,0,0
2014-05-27,0,0
2014-05-28,0,0
2014-05-29,0,0
2014-05-30,0,0
2014-05-31,0,0
2014-06-01,0,0
2014-06-02,0,0
2014-06-03,0,0
2014-06-04,0,0
2014-06-05,0,0
2014-06-06,0,0
2014-06-07,0,0
2014-06-08,0,0
2014-06-09,0,0
2014-06-10,0,0
2014-06-11,0,0
2014-06-12,0,0
2014-06-13,0,0
2014-06-14,0,0
2014-06-15,0,0
2014-06-16,0,0
2014-06-17,0,0
2014-06-18,0,0
2014-06-19,0,0
2014-06-20,0,0
2014-06-21,0,0
2014-06-22,0,0
2014-06-23,0,0
2014-06-24,0,0
2014-06-25,0,0
2014-06-26,0,0
2014-06-27,0,0
2014-06-28,0,0
2014-06-29,0,0
2014-06-30,0,0
2014-07-01,0,0
2014-07-02,0,0
2014-07-03,0,0
2014-07-04,0,0
2014-07-05,0,0
2014-07-06,0,0
2014-07-07,0,0
2014-07-08,0,0
2014-07-09,0,0
2014-07-10,0,0
2014-07-11,0,0
2014-07-12,0,0
2014-07-13,0,0
2014-07-14,0,0
2014-07-15,0,0
2014-07-16,0,0
2014-07-17,0,0
2014-07-18,0,0
2014-07-19,0,0
2014-07-20,0,0
2014-07-21,0,0
2014-07-22,0,0
2014-07-23,0,0
2014-07-24,0,0
2014-07-25,0,0
2014-07-26,0,0
2014-07-27,0,0
2014-07-28,0,0
2014-07-29,0,0
2014-07-30,0,0
2014-07-31,0,0
2014-08-01,0,0
2014-08-02,0,0
2014-08-03,0,0
2014-08-04,0,0
2014-08-05,0,0
2014-08-06,0,0
2014-08-07,0,0
2014-08-08,0,0
2014-08-09,0,0
2014-08-10,0,0
2014-08-11,0,0
2014-08-12,0,0
2014-08-13,0,0
2014-08-14,0,0
2014-08-15,0,0
2014-08-16,0,0
2014-08-17,0,0
2014-08-18,0,0
2014-08-19,0,0
2014-08-20,0,0
2014-08-21,0,0
2014-08-22,0,0
2014-08-23,0,0
2014-08-24,0,0
2014-08-25,0,0
2014-08-26,0,0
2014-08-27,0,0
2014-08-28,0,0
2014-08-29,0,0
2014-08-30,0,0
2014-08-31,0,0
2014-09-01,0,0
2014-09-02,0,0
2014-09-03,0,0
2014-09-04,0,0
2014-09-05,0,0
2014-09-06,0,0
2014-09-07,0,0
2014-09-08,0,0
2014-09-09,0,0
2014-09-10,0,0
2014-09-11,0,0
2014-09-12,0,0
2014-09-13,0,0
2014-09-14,0,0
2014-09-15,0,0
2014-09-16,0,0
2014-09-17,0,0
2014-09-18,0,0
2014-09-19,0,0
2014-09-20,0,0
2014-09-21,0,0
2014-09-22,0,0
2014-09-23,0,0
2014-09-24,0,0
2014-09-25,0,0
2014-09-26,0,0
2014-09-27,0,0
2014-09-28,0,0
2014-09-29,0,0
2014-09-30,0,0
2014-10-01,0,0
2014-10-02,0,0
2014-10-03,0,0
2014-10-04,0,0
2014-10-05,0,0
2014-10-06,0,0
2014-10-07,0,0
2014-10-08,0,0
2014-10-09,0,0
2014-10-10,0,0
2014-10-11,0,0
2014-10-12,0,0
2014-10-13,0,0
2014-10-14,0,0
2014-10-15,0,0
2014-10-16,0,0
2014-10-17,0,0
2014-10-18,0,0
2014-10-19,0,0
2014-10-20,0,0
2014-10-21,0,0
2014-10-22,0,0
2014-10-23,0,0
2014-10-24,0,0
2014-10-25,0,0
2014-10-26,0,0
2014-10-27,0,0
2014-10-28,0,0
2014-10-29,0,0
2014-10-30,0,0
2014-10-31,0,0
2014-11-01,0,0
2014-11-02,0,0
2014-11-03,0,0
2014-11-04,0,0
2014-11-05,0,0
2014-11-06,0,0
2014-11-07,0,0
2014-11-08,0,0
2014-11-09,0,0
2014-11-10,0,0
2014-11-11,0,0
2014-11-12,0,0
2014-11-13,0,0
2014-11-14,0,0
2014-11-15,0,0
2014-11-16,0,0
2014-11-17,0,0
2014-11-18,0,0
2014-11-19,0,0
2014-11-20,0,0
2014-11-21,0,0
2014-11-22,0,0
2014-11-23,0,0
2014-11-24,0,0
2014-11-25,0,0
2014-11-26,0,0
2014-11-27,0,0
2014-11-28,0,0
2014-11-29,0,0
2014-11-30,0,0
2014-12-01,0,0
2014-12-02,0,0
2014-12-03,0,0
2014-12-04,0,0
2014-12-05,0,0
2014-12-06,0,0
2014-12-07,0,0
2014-12-08,0,0
2014-12-09,0,0
2014-12-10,0,0
2014-12-11,0,0
2014-12-12,0,0
2014-12-13,0,0
2014-12-14,0,0
2014-12-15,0,0
2014-12-16,0,0
2014-12-17,0,0
2014-12-18,0,0
2014-12-19,0,0
2014-12-20,0,0
2014-12-21,0,0
2014-12-22,0,0
2014-12-23,0,0
2014-12-24,0,0
2014-12-25,0,0
2014-12-26,0,0
2014-12-27,0,0
2014-12-28,0,0
2014-12-29,0,0
2014-12-30,0,0
2014-12-31,0,0
2015-01-01,0,0
2015-01-02,0,0
2015-01-03,0,0
2015-01-04,0,0
2015-01-05,0,0
2015-01-06,0,0
2015-01-07,0,0
2015-01-08,0,0
2015-01-09,0,0
2015-01-10,0,0
2015-01-11,0,0
2015-01-12,0,0
2015-01-13,0,0
2015-01-14,0,0
2015-01-15,0,0
2015-01-16,0,0
2015-01-17,0,0
2015-01-18,0,0
2015-01-19,0,0
2015-01-20,0,0
2015-01-21,0,0
2015-01-22,0,0
2015-01-23,0,0
2015-01-24,0,0
2015-01-25,0,0
2015-01-26,0,0
2015-01-27,0,0
2015-01-28,0,0
2015-01-29,0,0
2015-01-30,0,0
2015-01-31,0,0
2015-02-01,0,0
2015-02-02,0,0
2015-02-03,0,0
2015-02-04,0,0
2015-02-05,0,0
2015-02-06,0,0
2015-02-07,0,0
2015-02-08,0,0
2015-02-09,0,0
2015-02-10,0,0
2015-02-11,0,0
2015-02-12,0,0
2015-02-13,0,0
2015-02-14,0,0
2015-02-15,0,0
2015-02-16,0,0
2015-02-17,0,0
2015-02-18,0,0
2015-02-19,0,0
2015-02-20,0,0
2015-02-21,0,0
2015-02-22,0,0
2015-02-23,0,0
2015-02-24,0,0
2015-02-25,0,0
2015-02-26,0,0
2015-02-27,0,0
2015-02-28,0,0
2015-03-01,0,0
2015-03-02,0,0
2015-03-03,0,0
2015-03-04,0,0
2015-03-05,0,0
2015-03-06,0,0
2015-03-07,0,0
2015-03-08,0,0
2015-03-09,0,0
2015-03-10,0,0
2015-03-11,0,0
2015-03-12,0,0
2015-03-13,0,0
2015-03-14,0,0
2015-03-15,0,0
2015-03-16,0,0
2015-03-17,0,0
2015-03-18,0,0
2015-03-19,0,0
2015-03-20,0,0
2015-03-21,0,0
2015-03-22,0,0
2015-03-23,0,0
2015-03-24,0,0
2015-03-25,0,0
2015-03-26,0,0
2015-03-27,0,0
2015-03-28,0,0
2015-03-29,0,0
2015-03-30,0,0
2015-03-31,0,0
2015-04-01,0,0
2015-04-02,0,0
2015-04-03,0,0
2015-04-04,0,0
2015-04-05,0,0
2015-04-06,0,0
2015-04-07,0,0
2015-04-08,0,0
2015-04-09,0,0
2015-04-10,0,0
2015-04-11,0,0
2015-04-12,0,0
2015-04-13,0,0
2015-04-14,0,0
2015-04-15,0,0
2015-04-16,0,0
2015-04-17,0,0
2015-04-18,0,0
2015-04-19,0,0
2015-04-20,0,0
2015-04-21,0,0
2015-04-22,0,0
2015-04-23,0,0
2015-04-24,0,0
2015-04-25,0,0
2015-04-26,0,0
2015-04-27,0,0
2015-04-28,0,0
2015-04-29,0,0
2015-04-30,0,0
2015-05-01,0,0
2015-05-02,0,0
2015-05-03,0,0
2015-05-04,0,0
2015-05-05,0,0
2015-05-06,0,0
2015-05-07,0,0
2015-05-08,0,0
2015-05-09,0,0
2015-05-10,0,0
2015-05-11,0,0
2015-05-12,0,0
2015-05-13,0,0
2015-05-14,0,0
2015-05-15,0,0
2015-05-16,0,0
2015-05-17,0,0
2015-05-18,0,0
2015-05-19,0,0
2015-05-20,0,0
2015-05-21,0,0
2015-05-22,0,0
2015-05-23,0,0
2015-05-24,0,0
2015-05-25,0,0
2015-05-26,0,0
2015-05-27,0,0
2015-05-28,0,0
2015-05-29,0,0
2015-05-30,0,0
2015-05-31,0,0
2015-06-01,0,0
2015-06-02,0,0
2015-06-03,0,0
2015-06-04,0,0
2015-06-05,0,0
2015-06-06,0,0
2015-06-07,0,0
2015-06-08,0,0
2015-06-09,0,0
2015-06-10,0,0
2015-06-11,0,0
2015-06-12,0,0
2015-06-13,0,0
2015-06-14,0,0
2015-06-15,0,0
2015-06-16,0,0
2015-06-17,0,0
2015-06-18,0,0
2015-06-19,0,0
2015-06-20,0,0
2015-06-21,0,0
2015-06-22,0,0
2015-06-23,0,0
2015-06-24,0,0
2015-06-25,0,0
2015-06-26,0,0
2015-06-27,0,0
2015-06-28,0,0
2015-06-29,0,0
2015-06-30,0,0
2015-07-01,0,0
2015-07-02,0,0
2015-07-03,0,0
2015-07-04,0,0
2015-07-05,0,0
2015-07-06,0,0
2015-07-07,0,0
2015-07-08,0,0
2015-07-09,0,0
2015-07-10,0,0
2015-07-11,0,0
2015-07-12,0,0
2015-07-13,0,0
2015-07-14,0,0
2015-07-15,0,0
2015-07-16,0,0
2015-07-17,0,0
2015-07-18,0,0
2015-07-19,0,0
2015-07-20,0,0
2015-07-21,0,0
2015-07-22,0,0
2015-07-23,0,0
2015-07-24,0,0
2015-07-25,0,0
2015-07-26,0,0
2015-07-27,0,0
2015-07-28,0,0
2015-07-29,0,0
2015-07-30,0,0
2015-07-31,0,0
2015-08-01,0,0
2015-08-02,0,0
2015-08-03,0,0
2015-08-04,0,0
2015-08-05,0,0
2015-08-06,0,0
2015-08-07,0,0
2015-08-08,0,0
2015-08-09,0,0
2015-08-10,0,0
2015-08-11,0,0
2015-08-12,0,0
2015-08-13,0,0
2015-08-14,0,0
2015-08-15,0,0
2015-08-16,0,0
2015-08-17,0,0
2015-08-18,0,0
2015-08-19,0,0
2015-08-20,0,0
2015-08-21,0,0
2015-08-22,0,0
2015-08-23,0,0
2015-08-24,0,0
2015-08-25,0,0
2015-08-26,0,0
2015-08-27,0,0
2015-08-28,0,0
2015-08-29,0,0
2015-08-30,0,0
2015-08-31,0,0
2015-09-01,0,0
2015-09-02,0,0
2015-09-03,0,0
2015-09-04,0,0
2015-09-05,0,0
2015-09-06,0,0
2015-09-07,0,0
2015-09-08,0,0
2015-09-09,0,0
2015-09-10,0,0
2015-09-11,0,0
2015-09-12,0,0
2015-09-13,0,0
2015-09-14,0,0
2015-09-15,0,0
2015-09-16,0,0
2015-09-17,0,0
2015-09-18,0,0
2015-09-19,0,0
2015-09-20,0,0
2015-09-21,0,0
2015-09-22,0,0
2015-09-23,0,0
2015-09-24,0,0
2015-09-25,0,0
2015-09-26,0,0
2015-09-27,0,0
2015-09-28,0,0
2015-09-29,0,0
2015-09-30,0,0
2015-10-01,0,0
2015-10-02,0,0
2015-10-03,0,0
2015-10-04,0,0
2015-10-05,0,0
2015-10-06,0,0
2015-10-07,0,0
2015-10-08,0,0
2015-10-09,0,0
2015-10-10,0,0
2015-10-11,0,0
2015-10-12,0,0
2015-10-13,0,0
2015-10-14,0,0
2015-10-15,0,0
2015-10-16,0,0
2015-10-17,0,0
2015-10-18,0,0
2015-10-19,0,0
2015-10-20,0,0
2015-10-21,0,0
2015-10-22,0,0
2015-10-23,0,0
2015-10-24,0,0
2015-10-25,0,0
2015-10-26,0,0
2015-10-27,0,0
2015-10-28,0,0
2015-10-29,0,0
2015-10-30,0,0
2015-10-31,0,0
2015-11-01,0,0
2015-11-02,0,0
2015-11-03,0,0
2015-11-04,0,0
2015-11-05,0,0
2015-11-06,0,0
2015-11-07,0,0
2015-11-08,0,0
2015-11-09,0,0
2015-11-10,0,0
2015-11-11,0,0
2015-11-12,0,0
2015-11-13,0,0
2015-11-14,0,0
2015-11-15,0,0
2015-11-16,0,0
2015-11-17,0,0
2015-11-18,0,0
2015-11-19,0,0
2015-11-20,0,0
2015-11-21,0,0
2015-11-22,0,0
2015-11-23,0,0
2015-11-24,0,0
2015-11-25,0,0
2015-11-26,0,0
2015-11-27,0,0
2015-11-28,0,0
2015-11-29,0,0
2015-11-30,0,0
2015-12-01,0,0
2015-12-02,0,0
2015-12-03,0,0
2015-12-04,0,0
2015-12-05,0,0
2015-12-06,0,0
2015-12-07,0,0
2015-12-08,0,0
2015-12-09,0,0
2015-12-10,0,0
2015-12-11,0,0
2015-12-12,0,0
2015-12-13,0,0
2015-12-14,0,0
2015-12-15,0,0
2015-12-16,0,0
2015-12-17,0,0
2015-12-18,0,0
2015-12-19,0,0
2015-12-20,0,0
2015-12-21,0,0
2015-12-22,0,0
2015-12-23,0,0
2015-12-24,0,0
2015-12-25,0,0
2015-12-26,0,0
2015-12-27,0,0
2015-12-28,0,0
2015-12-29,0,0
2015-12-30,0,0
2015-12-31,0,0
2016-01-01,0,0
2016-01-02,0,0
2016-01-03,0,0
2016-01-04,0,0
2016-01-05,0,0
2016-01-06,0,0
2016-01-07,0,0
2016-01-08,0,0
2016-01-09,0,0
2016-01-10,0,0
2016-01-11,0,0
2016-01-12,0,0
2016-01-13,0,0
2016-01-14,0,0
2016-01-15,0,0
2016-01-16,0,0
2016-01-17,0,0
2016-01-18,0,0
2016-01-19,0,0
2016-01-20,0,0
2016-01-21,0,0
2016-01-22,0,0
2016-01-23,0,0
2016-01-24,0,0
2016-01-25,0,0
2016-01-26,0,0
2016-01-27,0,0
2016-01-28,0,0
2016-01-29,0,0
2016-01-30,0,0
2016-01-31,0,0
2016-02-01,0,0
2016-02-02,0,0
2016-02-03,0,0
2016-02-04,0,0
2016-02-05,0,0
2016-02-06,0,0
2016-02-07,0,0
2016-02-08,0,0
2016-02-09,0,0
2016-02-10,0,0
2016-02-11,0,0
2016-02-12,0,0
2016-02-13,0,0
2016-02-14,0,0
2016-02-15,0,0
2016-02-16,0,0
2016-02-17,0,0
2016-02-18,0,0
2016-02-19,0,0
2016-02-20,0,0
2016-02-21,0,0
2016-02-22,0,0
2016-02-23,0,0
2016-02-24,0,0
2016-02-25,0,0
2016-02-26,0,0
2016-02-27,0,0
2016-02-28,0,0
2016-02-29,0,0
2016-03-01,0,0
2016-03-02,0,0
2016-03-03,0,0
2016-03-04,0,0
2016-03-05,0,0
2016-03-06,0,0
2016-03-07,0,0
2016-03-08,0,0
2016-03-09,0,0
2016-03-10,0,0
2016-03-11,0,0
2016-03-12,0,0
2016-03-13,0,0
2016-03-14,0,0
2016-03-15,0,0
2016-03-16,0,0
2016-03-17,0,0
2016-03-18,0,0
2016-03-19,0,0
2016-03-20,0,0
2016-03-21,0,0
2016-03-22,0,0
2016-03-23,0,0
2016-03-24,0,0
2016-03-25,0,0
2016-03-26,0,0
2016-03-27,0,0
2016-03-28,0,0
2016-03-29,0,0
2016-03-30,0,0
2016-03-31,0,0
2016-04-01,0,0
2016-04-02,0,0
2016-04-03,0,0
2016-04-04,0,0
2016-04-05,0,0
2016-04-06,0,0
2016-04-07,0,0
2016-04-08,0,0
2016-04-09,0,0
2016-04-10,0,0
2016-04-11,0,0
2016-04-12,0,0
2016-04-13,0,0
2016-04-14,0,0
2016-04-15,0,0
2016-04-16,0,0
2016-04-17,0,0
2016-04-18,0,0
2016-04-19,0,0
2016-04-20,0,0
2016-04-21,0,0
2016-04-22,0,0
2016-04-23,0,0
2016-04-24,0,0
2016-04-25,0,0
2016-04-26,0,0
2016-04-27,0,0
2016-04-28,0,0
2016-04-29,0,0
2016-04-30,0,0
2016-05-01,0,0
2016-05-02,0,0
2016-05-03,0,0
2016-05-04,0,0
2016-05-05,0,0
2016-05-06,0,0
2016-05-07,0,0
2016-05-08,0,0
2016-05-09,0,0
2016-05-10,0,0
2016-05-11,0,0
2016-05-12,0,0
2016-05-13,0,0
2016-05-14,0,0
2016-05-15,0,0
2016-05-16,0,0
2016-05-17,0,0
2016-05-18,0,0
2016-05-19,0,0
2016-05-20,0,0
2016-05-21,0,0
2016-05-22,0,0
2016-05-23,0,0
2016-05-24,0,0
2016-05-25,0,0
2016-05-26,0,0
2016-05-27,0,0
2016-05-28,0,0
2016-05-29,0,0
2016-05-30,0,0
2016-05-31,0,0
2016-06-01,0,0
2016-06-02,0,0
2016-06-03,0,0
2016-06-04,0,0
2016-06-05,0,0
2016-06-06,0,0
2016-06-07,0,0
2016-06-08,0,0
2016-06-09,0,0
2016-06-10,0,0
2016-06-11,0,0
2016-06-12,0,0
2016-06-13,0,0
2016-06-14,0,0
2016-06-15,0,0
2016-06-16,0,0
2016-06-17,0,0
2016-06-18,0,0
2016-06-19,0,0
2016-06-20,0,0
2016-06-21,0,0
2016-06-22,0,0
2016-06-23,0,0
2016-06-24,0,0
2016-06-25,0,0
2016-06-26,0,0
2016-06-27,0,0
2016-06-28,0,0
2016-06-29,0,0
2016-06-30,0,0
2016-07-01,0,0
2016-07-02,0,0
2016-07-03,0,0
2016-07-04,0,0
2016-07-05,0,0
2016-07-06,0,0
2016-07-07,0,0
2016-07-08,0,0
2016-07-09,0,0
2016-07-10,0,0
2016-07-11,0,0
2016-07-12,0,0
2016-07-13,0,0
2016-07-14,0,0
2016-07-15,0,0
2016-07-16,0,0
2016-07-17,0,0
2016-07-18,0,0
2016-07-19,0,0
2016-07-20,0,0
2016-07-21,0,0
2016-07-22,0,0
2016-07-23,0,0
2016-07-24,0,0
2016-07-25,0,0
2016-07-26,0,0
2016-07-27,0,0
2016-07-28,0,0
2016-07-29,0,0
2016-07-30,0,0
2016-07-31,0,0
2016-08-01,0,0
2016-08-02,0,0
2016-08-03,0,0
2016-08-04,0,0
2016-08-05,0,0
2016-08-06,0,0
2016-08-07,0,0
2016-08-08,0,0
2016-08-09,0,0
2016-08-10,0,0
2016-08-11,0,0
2016-08-12,0,0
2016-08-13,0,0
2016-08-14,0,0
2016-08-15,0,0
2016-08-16,0,0
2016-08-17,0,0
2016-08-18,0,0
2016-08-19,0,0
2016-08-20,0,0
2016-08-21,0,0
2016-08-22,0,0
2016-08-23,0,0
2016-08-24,0,0
2016-08-25,0,0
2016-08-26,0,0
2016-08-27,0,0
2016-08-28,0,0
2016-08-29,0,0
2016-08-30,0,0
2016-08-31,0,0
2016-09-01,0,0
2016-09-02,0,0
2016-09-03,0,0
2016-09-04,0,0
2016-09-05,0,0
2016-09-06,0,0
2016-09-07,0,0
2016-09-08,0,0
2016-09-09,0,0
2016-09-10,0,0
2016-09-11,0,0
2016-09-12,0,0
2016-09-13,0,0
2016-09-14,0,0
2016-09-15,0,0
2016-09-16,0,0
2016-09-17,0,0
2016-09-18,0,0
2016-09-19,0,0
2016-09-20,0,0
2016-09-21,0,0
2016-09-22,0,0
2016-09-23,0,0
2016-09-24,0,0
2016-09-25,0,0
2016-09-26,0,0
2016-09-27,0,0
2016-09-28,0,0
2016-09-29,0,0
2016-09-30,0,0
2016-10-01,0,0
2016-10-02,0,0
2016-10-03,0,0
2016-10-04,0,0
2016-10-05,0,0
2016-10-06,0,0
2016-10-07,0,0
2016-10-08,0,0
2016-10-09,0,0
2016-10-10,0,0
2016-10-11,0,0
2016-10-12,0,0
2016-10-13,0,0
2016-10-14,0,0
2016-10-15,0,0
2016-10-16,0,0
2016-10-17,0,0
2016-10-18,0,0
2016-10-19,0,0
2016-10-20,0,0
2016-10-21,0,0
2016-10-22,0,0
2016-10-23,0,0
2016-10-24,0,0
2016-10-25,0,0
2016-10-26,0,0
2016-10-27,0,0
2016-10-28,0,0
2016-10-29,0,0
2016-10-30,0,0
2016-10-31,0,0
2016-11-01,0,0
2016-11-02,0,0
2016-11-03,0,0
2016-11-04,0,0
2016-11-05,0,0
2016-11-06,0,0
2016-11-07,0,0
2016-11-08,0,0
2016-11-09,0,0
2016-11-10,0,0
2016-11-11,0,0
2016-11-12,0,0
2016-11-13,0,0
2016-11-14,0,0
2016-11-15,0,0
2016-11-16,0,0
2016-11-17,0,0
2016-11-18,0,0
2016-11-19,0,0
2016-11-20,0,0
2016-11-21,0,0
2016-11-22,0,0
2016-11-23,0,0
2016-11-24,0,0
2016-11-25,0,0
2016-11-26,0,0
2016-11-27,0,0
2016-11-28,0,0
2016-11-29,0,0
2016-11-30,0,0
2016-12-01,0,0
2016-12-02,0,0
2016-12-03,0,0
2016-12-04,0,0
2016-12-05,0,0
2016-12-06,0,0
2016-12-07,0,0
2016-12-08,0,0
2016-12-09,0,0
2016-12-10,0,0
2016-12-11,0,0
2016-12-12,0,0
2016-12-13,0,0
2016-12-14,0,0
2016-12-15,0,0
2016-12-16,0,0
2016-12-17,0,0
2016-12-18,0,0
2016-12-19,0,0
2016-12-20,0,0
2016-12-21,0,0
2016-12-22,0,0
2016-12-23,0,0
2016-12-24,0,0
2016-12-25,0,0
2016-12-26,0,0
2016-12-27,0,0
2016-12-28,0,0
2016-12-29,0,0
2016-12-30,0,0
2016-12-31,0,0
2017-01-01,0,0
2017-01-02,0,0
2017-01-03,0,0
2017-01-04,0,0
2017-01-05,0,0
2017-01-06,0,0
2017-01-07,0,0
2017-01-08,0,0
2017-01-09,0,0
2017-01-10,0,0
2017-01-11,0,0
2017-01-12,0,0
2017-01-13,0,0
2017-01-14,0,0
2017-01-15,0,0
2017-01-16,0,0
2017-01-17,0,0
2017-01-18,0,0
2017-01-19,0,0
2017-01-20,0,0
2017-01-21,0,0
2017-01-22,0,0
2017-01-23,0,0
2017-01-24,0,0
2017-01-25,0,0
2017-01-26,0,0
2017-01-27,0,0
2017-01-28,0,0
2017-01-29,0,0
2017-01-30,0,0
2017-01-31,0,0
2017-02-01,0,0
2017-02-02,0,0
2017-02-03,0,0
2017-02-04,0,0
2017-02-05,0,0
2017-02-06,0,0
2017-02-07,0,0
2017-02-08,0,0
2017-02-09,0,0
2017-02-10,0,0
2017-02-11,0,0
2017-02-12,0,0
2017-02-13,0,0
2017-02-14,0,0
2017-02-15,0,0
2017-02-16,0,0
2017-02-17,0,0
2017-02-18,0,0
2017-02-19,0,0
2017-02-20,0,0
2017-02-21,0,0
2017-02-22,0,0
2017-02-23,0,0
2017-02-24,0,0
2017-02-25,0,0
2017-02-26,0,0
2017-02-27,0,0
2017-02-28,0,0
2017-03-01,0,0
2017-03-02,0,0
2017-03-03,0,0
2017-03-04,0,0
2017-03-05,0,0
2017-03-06,0,0
2017-03-07,0,0
2017-03-08,0,0
2017-03-09,0,0
2017-03-10,0,0
2017-03-11,0,0
2017-03-12,0,0
2017-03-13,0,0
2017-03-14,0,0
2017-03-15,0,0
2017-03-16,0,0
2017-03-17,0,0
2017-03-18,0,0
2017-03-19,0,0
2017-03-20,0,0
2017-03-21,0,0
2017-03-22,0,0
2017-03-23,0,0
2017-03-24,0,0
2017-03-25,0,0
2017-03-26,0,0
2017-03-27,0,0
2017-03-28,0,0
2017-03-29,0,0
2017-03-30,0,0
2017-03-31,0,0
2017-04-01,0,0
2017-04-02,0,0
2017-04-03,0,0
2017-04-04,0,0
2017-04-05,0,0
2017-04-06,0,0
2017-04-07,0,0
2017-04-08,0,0
2017-04-09,0,0
2017-04-10,0,0
2017-04-11,0,0
2017-04-12,0,0
2017-04-13,0,0
2017-04-14,0,0
2017-04-15,0,0
2017-04-16,0,0
2017-04-17,0,0
2017-04-18,0,0
2017-04-19,0,0
2017-04-20,0,0
2017-04-21,0,0
2017-04-22,0,0
2017-04-23,0,0
2017-04-24,0,0
2017-04-25,0,0
2017-04-26,0,0
2017-04-27,0,0
2017-04-28,0,0
2017-04-29,0,0
2017-04-30,0,0
2017-05-01,0,0
2017-05-02,0,0
2017-05-03,0,0
2017-05-04,0,0
2017-05-05,0,0
2017-05-06,0,0
2017-05-07,0,0
2017-05-08,0,0
2017-05-09,0,0
2017-05-10,0,0
2017-05-11,0,0
2017-05-12,0,0
2017-05-13,0,0
2017-05-14,0,0
2017-05-15,0,0
2017-05-16,0,0
2017-05-17,0,0
2017-05-18,0,0
2017-05-19,0,0
2017-05-20,0,0
2017-05-21,0,0
2017-05-22,0,0
2017-05-23,0,0
2017-05-24,0,0
2017-05-25,0,0
2017-05-26,0,0
2017-05-27,0,0
2017-05-28,0,0
2017-05-29,0,0
2017-05-30,0,0
2017-05-31,0,0
2017-06-01,0,0
2017-06-02,0,0
2017-06-03,0,0
2017-06-04,0,0
2017-06-05,0,0
2017-06-06,0,0
2017-06-07,0,0
2017-06-08,0,0
2017-06-09,0,0
2017-06-10,0,0
2017-06-11,0,0
2017-06-12,0,0
2017-06-13,0,0
2017-06-14,0,0
2017-06-15,0,0
2017-06-16,0,0
2017-06-17,0,0
2017-06-18,0,0
2017-06-19,0,0
2017-06-20,0,0
2017-06-21,0,0
2017-06-22,0,0
2017-06-23,0,0
2017-06-24,0,0
2017-06-25,0,0
2017-06-26,0,0
2017-06-27,0,0
2017-06-28,0,0
2017-06-29,0,0
2017-06-30,0,0
2017-07-01,0,0
2017-07-02,0,0
2017-07-03,0,0
2017-07-04,0,0
2017-07-05,0,0
2017-07-06,0,0
2017-07-07,0,0
2017-07-08,0,0
2017-07-09,0,0
2017-07-10,0,0
2017-07-11,0,0
2017-07-12,0,0
2017-07-13,0,0
2017-07-14,0,0
2017-07-15,0,0
2017-07-16,0,0
2017-07-17,0,0
2017-07-18,0,0
2017-07-19,0,0
2017-07-20,0,0
2017-07-21,0,0
2017-07-22,0,0
2017-07-23,0,0
2017-07-24,0,0
2017-07-25,0,0
2017-07-26,0,0
2017-07-27,0,0
2017-07-28,0,0
2017-07-29,0,0
2017-07-30,0,0
2017-07-31,0,0
2017-08-01,0,0
2017-08-02,0,0
2017-08-03,0,0
2017-08-04,0,0
2017-08-05,0,0
2017-08-06,0,0
2017-08-07,0,0
2017-08-08,0,0
2017-08-09,0,0
2017-08-10,0,0
2017-08-11,0,0
2017-08-12,0,0
2017-08-13,0,0
2017-08-14,0,0
2017-08-15,0,0
2017-08-16,0,0
2017-08-17,0,0
2017-08-18,0,0
2017-08-19,0,0
2017-08-20,0,0
2017-08-21,0,0
2017-08-22,0,0
2017-08-23,0,0
2017-08-24,0,0
2017-08-25,0,0
2017-08-26,0,0
2017-08-27,0,0
2017-08-28,0,0
2017-08-29,0,0
2017-08-30,0,0
2017-08-31,0,0
2017-09-01,0,0
2017-09-02,0,0
2017-09-03,0,0
2017-09-04,0,0
2017-09-05,0,0
2017-09-06,0,0
2017-09-07,0,0
2017-09-08,0,0
2017-09-09,0,0
2017-09-10,0,0
2017-09-11,0,0
2017-09-12,0,0
2017-09-13,0,0
2017-09-14,0,0
2017-09-15,0,0
2017-09-16,0,0
2017-09-17,0,0
2017-09-18,0,0
2017-09-19,0,0
2017-09-20,0,0
2017-09-21,0,0
2017-09-22,0,0
2017-09-23,0,0
2017-09-24,0,0
2017-09-25,0,0
2017-09-26,0,0
2017-09-27,0,0
2017-09-28,0,0
2017-09-29,0,0
2017-09-30,0,0
2017-10-01,0,0
2017-10-02,0,0
2017-10-03,0,0
2017-10-04,0,0
2017-10-05,0,0
2017-10-06,0,0
2017-10-07,0,0
2017-10-08,0,0
2017-10-09,0,0
2017-10-10,0,0
2017-10-11,0,0
2017-10-12,0,0
2017-10-13,0,0
2017-10-14,0,0
2017-10-15,0,0
2017-10-16,0,0
2017-10-17,0,0
2017-10-18,0,0
2017-10-19,0,0
2017-10-20,0,0
2017-10-21,0,0
2017-10-22,0,0
2017-10-23,0,0
2017-10-24,0,0
2017-10-25,0,0
2017-10-26,0,0
2017-10-27,0,0
2017-10-28,0,0
2017-10-29,0,0
2017-10-30,0,0
2017-10-31,0,0
2017-11-01,0,0
2017-11-02,0,0
2017-11-03,0,0
2017-11-04,0,0
2017-11-05,0,0
2017-11-06,0,0
2017-11-07,0,0
2017-11-08,0,0
2017-11-09,0,0
2017-11-10,0,0
2017-11-11,0,0
2017-11-12,0,0
2017-11-13,0,0
2017-11-14,0,0
2017-11-15,0,0
2017-11-16,0,0
2017-11-17,0,0
2017-11-18,0,0
2017-11-19,0,0
2017-11-20,0,0
2017-11-21,0,0
2017-11-22,0,0
2017-11-23,0,0
2017-11-24,0,0
2017-11-25,0,0
2017-11-26,0,0
2017-11-27,0,0
2017-11-28,0,0
2017-11-29,0,0
2017-11-30,0,0
2017-12-01,0,0
2017-12-02,0,0
2017-12-03,0,0
2017-12-04,0,0
2017-12-05,0,0
2017-12-06,0,0
2017-12-07,0,0
2017-12-08,0,0
2017-12-09,0,0
2017-12-10,0,0
2017-12-11,0,0
2017-12-12,0,0
2017-12-13,0,0
2017-12-14,0,0
2017-12-15,0,0
2017-12-16,0,0
2017-12-17,0,0
2017-12-18,0,0
2017-12-19,0,0
2017-12-20,0,0
2017-12-21,0,0
2017-12-22,0,0
2017-12-23,0,0
2017-12-24,0,0
2017-12-25,0,0
2017-12-26,0,0
2017-12-27,0,0
2017-12-28,0,0
2017-12-29,0,0
2017-12-30,0,0
2017-12-31,0,0
2018-01-01,0,0
2018-01-02,0,0
2018-01-03,0,0
2018-01-04,0,0
2018-01-05,0,0
2018-01-06,0,0
2018-01-07,0,0
2018-01-08,0,0
2018-01-09,0,0
2018-01-10,0,0
2018-01-11,0,0
2018-01-12,0,0
2018-01-13,0,0
2018-01-14,0,0
2018-01-15,0,0
2018-01-16,0,0
2018-01-17,0,0
2018-01-18,0,0
2018-01-19,0,0
2018-01-20,0,0
2018-01-21,0,0
2018-01-22,0,0
2018-01-23,0,0
2018-01-24,0,0
2018-01-25,0,0
2018-01-26,0,0
2018-01-27,0,0
2018-01-28,0,0
2018-01-29,0,0
2018-01-30,0,0
2018-01-31,0,0
2018-02-01,0,0
2018-02-02,0,0
2018-02-03,0,0
2018-02-04,0,0
2018-02-05,0,0
2018-02-06,0,0
2018-02-07,0,0
2018-02-08,0,0
2018-02-09,0,0
2018-02-10,0,0
2018-02-11,0,0
2018-02-12,0,0
2018-02-13,0,0
2018-02-14,0,0
2018-02-15,0,0
2018-02-16,0,0
2018-02-17,0,0
2018-02-18,0,0
2018-02-19,0,0
2018-02-20,0,0
2018-02-21,0,0
2018-02-22,0,0
2018-02-23,0,0
2018-02-24,0,0
2018-02-25,0,0
2018-02-26,0,0
2018-02-27,0,0
2018-02-28,0,0
2018-03-01,0,0
2018-03-02,0,0
2018-03-03,0,0
2018-03-04,0,0
2018-03-05,0,0
2018-03-06,0,0
2018-03-07,0,0
2018-03-08,0,0
2018-03-09,0,0
2018-03-10,0,0
2018-03-11,0,0
2018-03-12,0,0
2018-03-13,0,0
2018-03-14,0,0
2018-03-15,0,0
2018-03-16,0,0
2018-03-17,0,0
2018-03-18,0,0
2018-03-19,0,0
2018-03-20,0,0
2018-03-21,0,0
2018-03-22,0,0
2018-03-23,0,0
2018-03-24,0,0
2018-03-25,0,0
2018-03-26,0,0
2018-03-27,0,0
2018-03-28,0,0
2018-03-29,0,0
2018-03-30,0,0
2018-03-31,0,0
2018-04-01,0,0
2018-04-02,0,0
2018-04-03,0,0
2018-04-04,0,0
2018-04-05,0,0
2018-04-06,0,0
2018-04-07,0,0
2018-04-08,0,0
2018-04-09,0,0
2018-04-10,0,0
2018-04-11,0,0
2018-04-12,0,0
2018-04-13,0,0
2018-04-14,0,0
2018-04-15,0,0
2018-04-16,0,0
2018-04-17,0,0
2018-04-18,0,0
2018-04-19,0,0
2018-04-20,0,0
2018-04-21,0,0
2018-04-22,0,0
2018-04-23,0,0
2018-04-24,0,0
2018-04-25,0,0
2018-04-26,0,0
2018-04-27,0,0
2018-04-28,0,0
2018-04-29,0,0
2018-04-30,0,0
2018-05-01,0,0
2018-05-02,0,0
2018-05-03,0,0
2018-05-04,0,0
2018-05-05,0,0
2018-05-06,0,0
2018-05-07,0,0
2018-05-08,0,0
2018-05-09,0,0
2018-05-10,0,0
2018-05-11,0,0
2018-05-12,0,0
2018-05-13,0,0
2018-05-14,0,0
2018-05-15,0,0
2018-05-16,0,0
2018-05-17,0,0
2018-05-18,0,0
2018-05-19,0,0
2018-05-20,0,0
2018-05-21,0,0
2018-05-22,0,0
2018-05-23,0,0
2018-05-24,0,0
2018-05-25,0,0
2018-05-26,0,0
2018-05-27,0,0
2018-05-28,0,0
2018-05-29,0,0
2018-05-30,0,0
2018-05-31,0,0
2018-06-01,0,0
2018-06-02,0,0
2018-06-03,0,0
2018-06-04,0,0
2018-06-05,0,0
2018-06-06,0,0
2018-06-07,0,0
2018-06-08,0,0
2018-06-09,0,0
2018-06-10,0,0
2018-06-11,0,0
2018-06-12,0,0
2018-06-13,0,0
2018-06-14,0,0
2018-06-15,0,0
2018-06-16,0,0
2018-06-17,0,0
2018-06-18,0,0
2018-06-19,0,0
2018-06-20,0,0
2018-06-21,0,0
2018-06-22,0,0
2018-06-23,0,0
2018-06-24,0,0
2018-06-25,0,0
2018-06-26,0,0
2018-06-27,0,0
2018-06-28,0,0
2018-06-29,0,0
2018-06-30,0,0
2018-07-01,0,0
2018-07-02,0,0
2018-07-03,0,0
2018-07-04,0,0
2018-07-05,0,0
2018-07-06,0,0
2018-07-07,0,0
2018-07-08,0,0
2018-07-09,0,0
2018-07-10,0,0
2018-07-11,0,0
2018-07-12,0,0
2018-07-13,0,0
2018-07-14,0,0
2018-07-15,0,0
2018-07-16,0,0
2018-07-17,0,0
2018-07-18,0,0
2018-07-19,0,0
2018-07-20,0,0
2018-07-21,0,0
2018-07-22,0,0
2018-07-23,0,0
2018-07-24,0,0
2018-07-25,0,0
2018-07-26,0,0
2018-07-27,0,0
2018-07-28,0,0
2018-07-29,0,0
2018-07-30,0,0
2018-07-31,0,0
2018-08-01,0,0
2018-08-02,0,0
2018-08-03,0,0
2018-08-04,0,0
2018-08-05,0,0
2018-08-06,0,0
2018-08-07,0,0
2018-08-08,0,0
2018-08-09,0,0
2018-08-10,0,0
2018-08-11,0,0
2018-08-12,0,0
2018-08-13,0,0
2018-08-14,0,0
2018-08-15,0,0
2018-08-16,0,0
2018-08-17,0,0
2018-08-18,0,0
2018-08-19,0,0
2018-08-20,0,0
2018-08-21,0,0
2018-08-22,0,0
2018-08-23,0,0
2018-08-24,0,0
2018-08-25,0,0
2018-08-26,0,0
2018-08-27,0,0
2018-08-28,0,0
2018-08-29,0,0
2018-08-30,0,0
2018-08-31,0,0
2018-09-01,0,0
2018-09-02,0,0
2018-09-03,0,0
2018-09-04,0,0
2018-09-05,0,0
2018-09-06,0,0
2018-09-07,0,0
2018-09-08,0,0
2018-09-09,0,0
2018-09-10,0,0
2018-09-11,0,0
2018-09-12,0,0
2018-09-13,0,0
2018-09-14,0,0
2018-09-15,0,0
2018-09-16,0,0
2018-09-17,0,0
2018-09-18,0,0
2018-09-19,0,0
2018-09-20,0,0
2018-09-21,0,0
2018-09-22,0,0
2018-09-23,0,0
2018-09-24,0,0
2018-09-25,0,0
2018-09-26,0,0
2018-09-27,0,0
2018-09-28,0,0
2018-09-29,0,0
2018-09-30,0,0
2018-10-01,0,0
2018-10-02,0,0
2018-10-03,0,0
2018-10-04,0,0
2018-10-05,0,0
2018-10-06,0,0
2018-10-07,0,0
2018-10-08,0,0
2018-10-09,0,0
2018-10-10,0,0
2018-10-11,0,0
2018-10-12,0,0
2018-10-13,0,0
2018-10-14,0,0
2018-10-15,0,0
2018-10-16,0,0
2018-10-17,0,0
2018-10-18,0,0
2018-10-19,0,0
2018-10-20,0,0
2018-10-21,0,0
2018-10-22,0,0
2018-10-23,0,0
2018-10-24,0,0
2018-10-25,0,0
2018-10-26,0,0
2018-10-27,0,0
2018-10-28,0,0
2018-10-29,0,0
2018-10-30,0,0
2018-10-31,0,0
2018-11-01,0,0
2018-11-02,0,0
2018-11-03,0,0
2018-11-04,0,0
2018-11-05,0,0
2018-11-06,0,0
2018-11-07,0,0
2018-11-08,0,0
2018-11-09,0,0
2018-11-10,0,0
2018-11-11,0,0
2018-11-12,0,0
2018-11-13,0,0
2018-11-14,0,0
2018-11-15,0,0
2018-11-16,0,0
2018-11-17,0,0
2018-11-18,0,0
2018-11-19,0,0
2018-11-20,0,0
2018-11-21,0,0
2018-11-22,0,0
2018-11-23,0,0
2018-11-24,0,0
2018-11-25,0,0
2018-11-26,0,0
2018-11-27,0,0
2018-11-28,0,0
2018-11-29,0,0
2018-11-30,0,0
2018-12-01,0,0
2018-12-02,0,0
2018-12-03,0,0
2018-12-04,0,0
2018-12-05,0,0
2018-12-06,0,0
2018-12-07,0,0
2018-12-08,0,0
2018-12-09,0,0
2018-12-10,0,0
2018-12-11,0,0
2018-12-12,0,0
2018-12-13,0,0
2018-12-14,0,0
2018-12-15,0,0
2018-12-16,0,0
2018-12-17,0,0
2018-12-18,0,0
2018-12-19,0,0
2018-12-20,0,0
2018-12-21,0,0
2018-12-22,0,0
2018-12-23,0,0
2018-12-24,0,0
2018-12-25,0,0
2018-12-26,0,0
2018-12-27,0,0
2018-12-28,0,0
2018-12-29,0,0
2018-12-30,0,0
2018-12-31,0,0
2019-01-01,0,0
2019-01-02,0,0
2019-01-03,0,0
2019-01-04,0,0
2019-01-05,0,0
2019-01-06,0,0
2019-01-07,0,0
2019-01-08,0,0
2019-01-09,0,0
2019-01-10,0,0
2019-01-11,0,0
2019-01-12,0,0
2019-01-13,0,0
2019-01-14,0,0
2019-01-15,0,0
2019-01-16,0,0
2019-01-17,0,0
2019-01-18,0,0
2019-01-19,0,0
2019-01-20,0,0
2019-01-21,0,0
2019-01-22,0,0
2019-01-23,0,0
2019-01-24,0,0
2019-01-25,0,0
2019-01-26,0,0
2019-01-27,0,0
2019-01-28,0,0
2019-01-29,0,0
2019-01-30,0,0
2019-01-31,0,0
2019-02-01,0,0
2019-02-02,0,0
2019-02-03,0,0
2019-02-04,0,0
2019-02-05,0,0
2019-02-06,0,0
2019-02-07,0,0
2019-02-08,0,0
2019-02-09,0,0
2019-02-10,0,0
2019-02-11,0,0
2019-02-12,0,0
2019-02-13,0,0
2019-02-14,0,0
2019-02-15,0,0
2019-02-16,0,0
2019-02-17,0,0
2019-02-18,0,0
2019-02-19,0,0
2019-02-20,0,0
2019-02-21,0,0
2019-02-22,0,0
2019-02-23,0,0
2019-02-24,0,0
2019-02-25,0,0
2019-02-26,0,0
2019-02-27,0,0
2019-02-28,0,0
2019-03-01,0,0
2019-03-02,0,0
2019-03-03,0,0
2019-03-04,0,0
2019-03-05,0,0
2019-03-06,0,0
2019-03-07,0,0
2019-03-08,0,0
2019-03-09,0,0
2019-03-10,0,0
2019-03-11,0,0
2019-03-12,0,0
2019-03-13,0,0
2019-03-14,0,0
2019-03-15,0,0
2019-03-16,0,0
2019-03-17,0,0
2019-03-18,0,0
2019-03-19,0,0
2019-03-20,0,0
2019-03-21,0,0
2019-03-22,0,0
2019-03-23,0,0
2019-03-24,0,0
2019-03-25,0,0
2019-03-26,0,0
2019-03-27,0,0
2019-03-28,0,0
2019-03-29,0,0
2019-03-30,0,0
2019-03-31,0,0
2019-04-01,0,0
2019-04-02,0,0
2019-04-03,0,0
2019-04-04,0,0
2019-04-05,0,0
2019-04-06,0,0
2019-04-07,0,0
2019-04-08,0,0
2019-04-09,0,0
2019-04-10,0,0
2019-04-11,0,0
2019-04-12,0,0
2019-04-13,0,0
2019-04-14,0,0
2019-04-15,0,0
2019-04-16,0,0
2019-04-17,0,0
2019-04-18,0,0
2019-04-19,0,0
2019-04-20,0,0
2019-04-21,0,0
2019-04-22,0,0
2019-04-23,0,0
2019-04-24,0,0
2019-04-25,0,0
2019-04-26,0,0
2019-04-27,0,0
2019-04-28,0,0
2019-04-29,0,0
2019-04-30,0,0
2019-05-01,0,0
2019-05-02,0,0
2019-05-03,0,0
2019-05-04,0,0
2019-05-05,0,0
2019-05-06,0,0
2019-05-07,0,0
2019-05-08,0,0
2019-05-09,0,0
2019-05-10,0,0
2019-05-11,0,0
2019-05-12,0,0
2019-05-13,0,0
2019-05-14,0,0
2019-05-15,0,0
2019-05-16,0,0
2019-05-17,0,0
2019-05-18,0,0
2019-05-19,0,0
2019-05-20,0,0
2019-05-21,0,0
2019-05-22,0,0
2019-05-23,0,0
2019-05-24,0,0
2019-05-25,0,0
2019-05-26,0,0
2019-05-27,0,0
2019-05-28,0,0
2019-05-29,0,0
2019-05-30,0,0
2019-05-31,0,0
2019-06-01,0,0
2019-06-02,0,0
2019-06-03,0,0
2019-06-04,0,0
2019-06-05,0,0
2019-06-06,0,0
2019-06-07,0,0
2019-06-08,0,0
2019-06-09,0,0
2019-06-10,0,0
2019-06-11,0,0
2019-06-12,0,0
2019-06-13,0,0
2019-06-14,0,0
2019-06-15,0,0
2019-06-16,0,0
2019-06-17,0,0
2019-06-18,0,0
2019-06-19,0,0
2019-06-20,0,0
2019-06-21,0,0
2019-06-22,0,0
2019-06-23,0,0
2019-06-24,0,0
2019-06-25,0,0
2019-06-26,0,0
2019-06-27,0,0
2019-06-28,0,0
2019-06-29,0,0
2019-06-30,0,0
2019-07-01,0,0
2019-07-02,0,0
2019-07-03,0,0
2019-07-04,0,0
2019-07-05,0,0
2019-07-06,0,0
2019-07-07,0,0
2019-07-08,0,0
2019-07-09,0,0
2019-07-10,0,0
2019-07-11,0,0
2019-07-12,0,0
2019-07-13,0,0
2019-07-14,0,0
2019-07-15,0,0
2019-07-16,0,0
2019-07-17,0,0
2019-07-18,0,0
2019-07-19,0,0
2019-07-20,0,0
2019-07-21,0,0
2019-07-22,0,0
2019-07-23,0,0
2019-07-24,0,0
2019-07-25,0,0
2019-07-26,0,0
2019-07-27,0,0
2019-07-28,0,0
2019-07-29,0,0
2019-07-30,0,0
2019-07-31,0,0
2019-08-01,29,29
2019-08-02,29,29
2019-08-03,29,29
2019-08-04,29,29
2019-08-05,29,29
2019-08-06,29,29
2019-08-07,29,29
2019-08-08,29,29
2019-08-09,29,29
2019-08-10,29,29
2019-08-11,29,29
2019-08-12,36,36
2019-08-13,36,36
2019-08-14,42,43
2019-08-15,46,46
2019-08-16,47,49
2019-08-17,47,47
2019-08-18,47,47
2019-08-19,47,47
2019-08-20,43,47
2019-08-21,50,50
2019-08-22,58,58
2019-08-23,61,61
2019-08-24,61,61
2019-08-25,61,61
2019-08-26,61,61
2019-08-27,59,61
2019-08-28,59,59
2019-08-29,65,65
2019-08-30,67,67
2019-08-31,67,67
2019-09-01,67,67
2019-09-02,67,67
2019-09-03,56,67
2019-09-04,64,65
2019-09-05,64,64
2019-09-06,66,66
2019-09-07,66,66
2019-09-08,66,66
2019-09-09,66,66
2019-09-10,65,66
2019-09-11,65,65
2019-09-12,64,65
2019-09-13,63,64
2019-09-14,63,63
2019-09-15,63,63
2019-09-16,63,63
2019-09-17,64,70
2019-09-18,69,70
2019-09-19,69,69
2019-09-20,72,74
2019-09-21,72,72
2019-09-22,72,72
2019-09-23,82,82
2019-09-24,68,82
2019-09-25,79,80
2019-09-26,78,79
2019-09-27,77,78
2019-09-28,77,77
2019-09-29,77,77
2019-09-30,73,79
2019-10-01,73,73
2019-10-02,78,78
2019-10-03,78,78
2019-10-04,86,87
2019-10-05,86,86
2019-10-06,86,86
2019-10-07,85,86
2019-10-08,77,87
2019-10-09,77,77
2019-10-10,76,77
2019-10-11,75,78
2019-10-12,75,75
2019-10-13,75,75
2019-10-14,75,75
2019-10-15,65,75
2019-10-16,70,71
2019-10-17,67,70
2019-10-18,66,67
2019-10-19,66,66
2019-10-20,66,66
2019-10-21,66,66
2019-10-22,64,66
2019-10-23,71,73
2019-10-24,70,71
2019-10-25,71,71
2019-10-26,71,71
2019-10-27,71,71
2019-10-28,71,71
2019-10-29,62,74
2019-10-30,65,67
2019-10-31,74,75
2019-11-01,75,75
2019-11-02,75,75
2019-11-03,75,75
2019-11-04,75,75
2019-11-05,71,78
2019-11-06,71,71
2019-11-07,76,78
2019-11-08,75,76
2019-11-09,75,75
2019-11-10,75,75
2019-11-11,75,75
2019-11-12,68,75
2019-11-13,73,73
2019-11-14,72,74
2019-11-15,71,72
2019-11-16,71,71
2019-11-17,71,71
2019-11-18,71,71
2019-11-19,65,71
2019-11-20,71,71
2019-11-21,73,73
2019-11-22,72,73
2019-11-23,72,72
2019-11-24,72,72
2019-11-25,72,72
2019-11-26,60,72
2019-11-27,60,60
2019-11-28,60,60
2019-11-29,60,60
2019-11-30,60,60
2019-12-01,60,60
2019-12-02,62,63
2019-12-03,58,62
2019-12-04,81,81
2019-12-05,82,82
2019-12-06,82,82
2019-12-07,82,82
2019-12-08,82,82
2019-12-09,82,82
2019-12-10,75,83
2019-12-11,78,78
2019-12-12,85,85
2019-12-13,85,85
2019-12-14,85,85
2019-12-15,85,85
2019-12-16,85,85
2019-12-17,86,90
2019-12-18,86,86
2019-12-19,88,89
2019-12-20,87,88
2019-12-21,87,87
2019-12-22,87,87
2019-12-23,87,87
2019-12-24,87,87
2019-12-25,87,87
2019-12-26,87,87
2019-12-27,87,87
2019-12-28,87,87
2019-12-29,87,87
2019-12-30,79,87
2019-12-31,79,79
2020-01-01,79,79
2020-01-02,80,80
2020-01-03,80,80
2020-01-04,80,80
2020-01-05,80,80
2020-01-06,80,80
2020-01-07,80,86
2020-01-08,78,80
2020-01-09,78,78
2020-01-10,78,78
2020-01-11,78,78
2020-01-12,78,78
2020-01-13,83,83
2020-01-14,75,83
2020-01-15,74,75
2020-01-16,83,83
2020-01-17,83,83
2020-01-18,83,83
2020-01-19,83,83
2020-01-20,83,83
2020-01-21,72,83
2020-01-22,71,72
2020-01-23,70,71
2020-01-24,66,70
2020-01-25,66,66
2020-01-26,66,66
2020-01-27,73,74
2020-01-28,74,79
2020-01-29,78,79
2020-01-30,86,87
2020-01-31,85,86
2020-02-01,85,85
2020-02-02,85,85
2020-02-03,91,91
2020-02-04,69,91
2020-02-05,69,69
2020-02-06,74,74
2020-02-07,78,78
2020-02-08,78,78
2020-02-09,78,78
2020-02-10,78,78
2020-02-11,74,78
2020-02-12,72,74
2020-02-13,71,72
2020-02-14,72,72
2020-02-15,72,72
2020-02-16,72,72
2020-02-17,72,72
2020-02-18,70,72
2020-02-19,73,74
2020-02-20,70,73
2020-02-21,69,70
2020-02-22,69,69
2020-02-23,69,69
2020-02-24,68,69
2020-02-25,64,68
2020-02-26,64,66
2020-02-27,64,64
2020-02-28,64,64
2020-02-29,64,64
2020-03-01,64,64
2020-03-02,62,64
2020-03-03,56,62
2020-03-04,56,56
2020-03-05,62,62
2020-03-06,64,64
2020-03-07,64,64
2020-03-08,64,64
2020-03-09,63,64
2020-03-10,63,66
2020-03-11,63,63
2020-03-12,62,63
2020-03-13,62,62
2020-03-14,62,62
2020-03-15,62,62
2020-03-16,61,62
2020-03-17,61,67
2020-03-18,68,69
2020-03-19,72,73
2020-03-20,70,77
2020-03-21,70,70
2020-03-22,70,70
2020-03-23,69,70
2020-03-24,68,69
2020-03-25,68,68
2020-03-26,70,71
2020-03-27,76,77
2020-03-28,76,76
2020-03-29,76,76
2020-03-30,76,76
2020-03-31,76,80
2020-04-01,75,77
2020-04-02,75,75
2020-04-03,73,76
2020-04-04,73,73
2020-04-05,73,73
2020-04-06,76,76
2020-04-07,69,76
2020-04-08,76,76
2020-04-09,76,76
2020-04-10,76,76
2020-04-11,76,76
2020-04-12,76,76
2020-04-13,76,76
2020-04-14,74,76
2020-04-15,74,74
2020-04-16,74,74
2020-04-17,75,76
2020-04-18,75,75
2020-04-19,75,75
2020-04-20,73,75
2020-04-21,69,73
2020-04-22,69,69
2020-04-23,69,69
2020-04-24,81,82
2020-04-25,81,81
2020-04-26,81,81
2020-04-27,81,81
2020-04-28,80,81
2020-04-29,88,88
2020-04-30,88,88
2020-05-01,87,90
2020-05-02,87,87
2020-05-03,87,87
2020-05-04,85,87
2020-05-05,85,93
2020-05-06,84,85
2020-05-07,84,84
2020-05-08,87,87
2020-05-09,87,87
2020-05-10,87,87
2020-05-11,85,87
2020-05-12,80,85
2020-05-13,79,80
2020-05-14,79,79
2020-05-15,94,94
2020-05-16,94,94
2020-05-17,94,94
2020-05-18,92,96
2020-05-19,84,92
2020-05-20,89,90
2020-05-21,88,89
2020-05-22,87,88
2020-05-23,87,87
2020-05-24,87,87
2020-05-25,87,87
2020-05-26,83,87
2020-05-27,83,83
2020-05-28,82,83
2020-05-29,81,82
2020-05-30,81,81
2020-05-31,80,81
2020-06-01,80,80
2020-06-02,79,80
2020-06-03,90,91
2020-06-04,90,90
2020-06-05,89,90
2020-06-06,89,89
2020-06-07,89,89
2020-06-08,89,89
2020-06-09,85,90
2020-06-10,84,85
2020-06-11,84,84
2020-06-12,84,84
2020-06-13,84,84
2020-06-14,84,84
2020-06-15,84,84
2020-06-16,76,90
2020-06-17,86,86
2020-06-18,83,86
2020-06-19,83,83
2020-06-20,83,83
2020-06-21,83,83
2020-06-22,83,83
2020-06-23,78,83
2020-06-24,76,78
2020-06-25,78,78
2020-06-26,78,78
2020-06-27,78,78
2020-06-28,78,78
2020-06-29,78,80
2020-06-30,69,78
2020-07-01,67,69
2020-07-02,67,67
2020-07-03,67,67
2020-07-04,67,67
2020-07-05,67,67
2020-07-06,67,67
2020-07-07,63,67
2020-07-08,62,63
2020-07-09,62,62
2020-07-10,61,62
2020-07-11,61,61
2020-07-12,61,61
2020-07-13,61,61
2020-07-14,61,61
2020-07-15,60,61
2020-07-16,60,60
2020-07-17,58,60
2020-07-18,58,58
2020-07-19,58,58
2020-07-20,58,58
2020-07-21,58,58
2020-07-22,58,58
2020-07-23,58,58
2020-07-24,58,58
2020-07-25,58,58
2020-07-26,58,58
2020-07-27,56,58
2020-07-28,56,56
2020-07-29,56,56
2020-07-30,56,56
2020-07-31,56,56
2020-08-01,56,56
2020-08-02,56,56
2020-08-03,57,57
2020-08-04,55,57
2020-08-05,55,55
2020-08-06,55,55
2020-08-07,55,55
2020-08-08,55,55
2020-08-09,55,55
2020-08-10,55,55
2020-08-11,56,56
2020-08-12,56,56
2020-08-13,55,56
2020-08-14,54,55
2020-08-15,54,54
2020-08-16,54,54
2020-08-17,54,54
2020-08-18,41,54
2020-08-19,41,41
2020-08-20,40,41
2020-08-21,39,40
2020-08-22,38,39
2020-08-23,38,38
2020-08-24,38,38
2020-08-25,35,38
2020-08-26,35,35
2020-08-27,38,38
2020-08-28,38,38
2020-08-29,38,38
2020-08-30,38,38
2020-08-31,38,38
2020-09-01,35,38
2020-09-02,37,37
2020-09-03,37,38
2020-09-04,37,37
2020-09-05,37,37
2020-09-06,37,37
2020-09-07,37,37
2020-09-08,45,46
2020-09-09,62,62
2020-09-10,64,66
2020-09-11,66,66
2020-09-12,66,66
2020-09-13,66,66
2020-09-14,66,66
2020-09-15,61,66
2020-09-16,61,61
2020-09-17,61,61
2020-09-18,61,61
2020-09-19,61,61
2020-09-20,61,61
2020-09-21,61,61
2020-09-22,56,61
2020-09-23,56,56
2020-09-24,54,56
2020-09-25,53,54
2020-09-26,53,53
2020-09-27,53,53
2020-09-28,53,53
2020-09-29,37,53
2020-09-30,39,39
2020-10-01,48,50
2020-10-02,49,49
2020-10-03,49,49
2020-10-04,49,49
2020-10-05,51,51
2020-10-06,42,52
2020-10-07,53,54
2020-10-08,60,61
2020-10-09,60,61
2020-10-10,60,60
2020-10-11,60,60
2020-10-12,60,60
2020-10-13,56,67
2020-10-14,60,60
2020-10-15,71,72
2020-10-16,72,72
2020-10-17,72,72
2020-10-18,72,72
2020-10-19,72,72
2020-10-20,72,83
2020-10-21,79,79
2020-10-22,78,80
2020-10-23,78,78
2020-10-24,78,78
2020-10-25,78,78
2020-10-26,77,78
2020-10-27,54,77
2020-10-28,53,54
2020-10-29,52,53
2020-10-30,51,52
2020-10-31,51,51
2020-11-01,51,51
2020-11-02,52,52
2020-11-03,57,65
2020-11-04,60,60
2020-11-05,79,80
2020-11-06,81,81
2020-11-07,81,81
2020-11-08,81,81
2020-11-09,88,88
2020-11-10,76,94
2020-11-11,76,76
2020-11-12,86,86
2020-11-13,86,86
2020-11-14,86,86
2020-11-15,86,86
2020-11-16,87,87
2020-11-17,76,94
2020-11-18,76,76
2020-11-19,89,90
2020-11-20,89,89
2020-11-21,89,89
2020-11-22,89,89
2020-11-23,96,97
2020-11-24,81,96
2020-11-25,80,81
2020-11-26,80,80
2020-11-27,80,80
2020-11-28,80,80
2020-11-29,78,80
2020-11-30,77,78
2020-12-01,70,77
2020-12-02,70,70
2020-12-03,70,73
2020-12-04,70,70
2020-12-05,70,70
2020-12-06,70,70
2020-12-07,70,70
2020-12-08,60,70
2020-12-09,71,71
2020-12-10,71,71
2020-12-11,71,71
2020-12-12,71,71
2020-12-13,71,71
2020-12-14,69,71
2020-12-15,75,82
2020-12-16,75,75
2020-12-17,80,82
2020-12-18,79,80
2020-12-19,79,79
2020-12-20,79,79
2020-12-21,78,79
2020-12-22,61,78
2020-12-23,61,61
2020-12-24,61,61
2020-12-25,61,61
2020-12-26,61,61
2020-12-27,59,61
2020-12-28,59,60
2020-12-29,73,73
2020-12-30,73,73
2020-12-31,73,74
2021-01-01,73,73
2021-01-02,73,73
2021-01-03,73,73
2021-01-04,72,73
2021-01-05,65,72
2021-01-06,75,75
2021-01-07,75,75
2021-01-08,74,75
2021-01-09,75,75
2021-01-10,75,75
2021-01-11,74,75
2021-01-12,83,94
2021-01-13,81,83
2021-01-14,86,86
2021-01-15,85,86
2021-01-16,85,85
2021-01-17,85,85
2021-01-18,85,85
2021-01-19,65,85
2021-01-20,73,74
2021-01-21,73,74
2021-01-22,71,73
2021-01-23,71,71
2021-01-24,72,72
2021-01-25,73,73
2021-01-26,73,73
2021-01-27,73,73
2021-01-28,73,73
2021-01-29,73,73
2021-01-30,73,73
2021-01-31,72,73
2021-02-01,80,80
2021-02-02,57,80
2021-02-03,57,57
2021-02-04,55,57
2021-02-05,55,55
2021-02-06,55,55
2021-02-07,55,55
2021-02-08,55,55
2021-02-09,52,55
2021-02-10,53,54
2021-02-11,53,53
2021-02-12,52,53
2021-02-13,52,52
2021-02-14,52,52
2021-02-15,52,52
2021-02-16,52,52
2021-02-17,52,52
2021-02-18,55,57
2021-02-19,55,55
2021-02-20,55,55
2021-02-21,55,55
2021-02-22,54,55
2021-02-23,54,54
2021-02-24,54,54
2021-02-25,54,55
2021-02-26,65,65
2021-02-27,65,65
2021-02-28,66,66
2021-03-01,66,66
2021-03-02,54,66
2021-03-03,54,54
2021-03-04,54,54
2021-03-05,53,54
2021-03-06,53,53
2021-03-07,53,53
2021-03-08,52,53
2021-03-09,51,52
2021-03-10,50,51
2021-03-11,49,50
2021-03-12,49,49
2021-03-13,49,49
2021-03-14,49,49
2021-03-15,49,49
2021-03-16,46,49
2021-03-17,45,46
2021-03-18,43,45
2021-03-19,43,43
2021-03-20,43,43
2021-03-21,43,43
2021-03-22,42,43
2021-03-23,39,42
2021-03-24,39,39
2021-03-25,39,39
2021-03-26,39,39
2021-03-27,39,39
2021-03-28,39,39
2021-03-29,38,39
2021-03-30,39,39
2021-03-31,44,46
2021-04-01,41,44
2021-04-02,41,41
2021-04-03,42,42
2021-04-04,42,42
2021-04-05,42,42
2021-04-06,37,42
2021-04-07,46,47
2021-04-08,53,54
2021-04-09,59,59
2021-04-10,59,59
2021-04-11,59,59
2021-04-12,59,59
2021-04-13,53,60
2021-04-14,57,57
2021-04-15,56,57
2021-04-16,56,56
2021-04-17,56,56
2021-04-18,56,56
2021-04-19,54,56
2021-04-20,48,54
2021-04-21,80,82
2021-04-22,79,81
2021-04-23,78,79
2021-04-24,77,78
2021-04-25,77,77
2021-04-26,77,77
2021-04-27,76,77
2021-04-28,74,76
2021-04-29,73,74
2021-04-30,75,75
2021-05-01,75,75
2021-05-02,75,75
2021-05-03,77,77
2021-05-04,72,77
2021-05-05,72,72
2021-05-06,72,73
2021-05-07,69,72
2021-05-08,69,69
2021-05-09,69,69
2021-05-10,69,70
2021-05-11,64,69
2021-05-12,67,67
2021-05-13,67,67
2021-05-14,66,67
2021-05-15,66,66
2021-05-16,66,66
2021-05-17,65,66
2021-05-18,63,66
2021-05-19,63,64
2021-05-20,72,72
2021-05-21,72,72
2021-05-22,72,72
2021-05-23,72,72
2021-05-24,70,72
2021-05-25,66,70
2021-05-26,66,67
2021-05-27,66,66
2021-05-28,64,66
2021-05-29,64,64
2021-05-30,64,64
2021-05-31,64,64
2021-06-01,55,65
2021-06-02,55,56
2021-06-03,55,55
2021-06-04,74,75
2021-06-05,75,75
2021-06-06,75,75
2021-06-07,72,75
2021-06-08,65,73
2021-06-09,78,78
2021-06-10,78,79
2021-06-11,75,78
2021-06-12,75,75
2021-06-13,75,75
2021-06-14,74,75
2021-06-15,57,74
2021-06-16,55,57
2021-06-17,51,56
2021-06-18,50,51
2021-06-19,50,50
2021-06-20,49,50
2021-06-21,49,51
2021-06-22,44,49
2021-06-23,43,44
2021-06-24,71,73
2021-06-25,71,71
2021-06-26,70,71
2021-06-27,70,70
2021-06-28,69,70
2021-06-29,66,69
2021-06-30,67,67
2021-07-01,71,71
2021-07-02,70,73
2021-07-03,70,70
2021-07-04,70,70
2021-07-05,70,70
2021-07-06,63,70
2021-07-07,65,65
2021-07-08,70,70
2021-07-09,81,82
2021-07-10,82,82
2021-07-11,82,82
2021-07-12,82,82
2021-07-13,72,83
2021-07-14,70,72
2021-07-15,70,71
2021-07-16,71,71
2021-07-17,71,71
2021-07-18,71,71
2021-07-19,71,72
2021-07-20,60,72
2021-07-21,59,62
2021-07-22,59,60
2021-07-23,56,59
2021-07-24,56,56
2021-07-25,56,56
2021-07-26,55,56
2021-07-27,89,92
2021-07-28,95,96
2021-07-29,94,95
2021-07-30,92,94
2021-07-31,92,92
2021-08-01,92,92
2021-08-02,90,92
2021-08-03,85,91
2021-08-04,83,85
2021-08-05,83,83
2021-08-06,83,83
2021-08-07,83,83
2021-08-08,83,83
2021-08-09,82,83
2021-08-10,71,82
2021-08-11,77,78
2021-08-12,76,77
2021-08-13,82,84
2021-08-14,82,82
2021-08-15,82,82
2021-08-16,82,82
2021-08-17,75,83
2021-08-18,74,75
2021-08-19,73,74
2021-08-20,81,82
2021-08-21,84,84
2021-08-22,83,84
2021-08-23,82,84
2021-08-24,80,85
2021-08-25,77,81
2021-08-26,78,78
2021-08-27,76,78
2021-08-28,76,76
2021-08-29,76,76
2021-08-30,74,78
2021-08-31,68,74
2021-09-01,77,77
2021-09-02,76,77
2021-09-03,77,78
2021-09-04,77,77
2021-09-05,77,77
2021-09-06,77,77
2021-09-07,68,80
2021-09-08,68,69
2021-09-09,69,70
2021-09-10,67,69
2021-09-11,67,67
2021-09-12,67,67
2021-09-13,68,69
2021-09-14,63,69
2021-09-15,74,78
2021-09-16,74,74
2021-09-17,76,78
2021-09-18,77,77
2021-09-19,76,77
2021-09-20,77,77
2021-09-21,56,77
2021-09-22,56,58
2021-09-23,59,59
2021-09-24,59,59
2021-09-25,59,59
2021-09-26,59,59
2021-09-27,59,59
2021-09-28,55,60
2021-09-29,72,72
2021-09-30,73,73
2021-10-01,73,73
2021-10-02,73,73
2021-10-03,73,73
2021-10-04,73,73
2021-10-05,58,74
2021-10-06,58,58
2021-10-07,62,63
2021-10-08,65,65
2021-10-09,65,65
2021-10-10,65,65
2021-10-11,65,65
2021-10-12,62,66
2021-10-13,67,67
2021-10-14,79,79
2021-10-15,79,79
2021-10-16,79,79
2021-10-17,79,79
2021-10-18,79,79
2021-10-19,72,81
2021-10-20,73,73
2021-10-21,80,80
2021-10-22,80,81
2021-10-23,80,80
2021-10-24,80,80
2021-10-25,80,81
2021-10-26,67,82
2021-10-27,67,67
2021-10-28,68,68
2021-10-29,69,70
2021-10-30,69,69
2021-10-31,69,69
2021-11-01,69,69
2021-11-02,64,70
2021-11-03,63,64
2021-11-04,72,72
2021-11-05,75,75
2021-11-06,75,75
2021-11-07,75,75
2021-11-08,76,76
2021-11-09,71,76
2021-11-10,73,74
2021-11-11,74,74
2021-11-12,74,75
2021-11-13,74,74
2021-11-14,74,74
2021-11-15,74,74
2021-11-16,62,74
2021-11-17,61,62
2021-11-18,61,61
2021-11-19,61,61
2021-11-20,61,61
2021-11-21,61,61
2021-11-22,60,61
2021-11-23,55,60
2021-11-24,61,61
2021-11-25,61,61
2021-11-26,61,61
2021-11-27,61,61
2021-11-28,61,61
2021-11-29,64,64
2021-11-30,58,65
2021-12-01,57,58
2021-12-02,60,61
2021-12-03,62,62
2021-12-04,62,62
2021-12-05,62,62
2021-12-06,62,62
2021-12-07,54,62
2021-12-08,59,60
2021-12-09,59,59
2021-12-10,73,73
2021-12-11,73,73
2021-12-12,73,73
2021-12-13,73,73
2021-12-14,61,73
2021-12-15,66,66
2021-12-16,65,66
2021-12-17,65,65
2021-12-18,65,65
2021-12-19,65,65
2021-12-20,65,65
2021-12-21,56,72
2021-12-22,65,65
2021-12-23,65,65
2021-12-24,65,65
2021-12-25,65,65
2021-12-26,65,65
2021-12-27,65,65
2021-12-28,52,65
2021-12-29,55,55
2021-12-30,55,55
2021-12-31,55,55
2022-01-01,55,55
2022-01-02,55,55
2022-01-03,56,56
2022-01-04,48,57
2022-01-05,57,57
2022-01-06,57,57
2022-01-07,55,57
2022-01-08,55,55
2022-01-09,55,55
2022-01-10,56,56
2022-01-11,52,57
2022-01-12,64,64
2022-01-13,64,65
2022-01-14,64,64
2022-01-15,64,64
2022-01-16,64,64
2022-01-17,64,64
2022-01-18,63,67
2022-01-19,73,73
2022-01-20,84,84
2022-01-21,83,84
2022-01-22,83,83
2022-01-23,83,83
2022-01-24,83,83
2022-01-25,79,83
2022-01-26,87,88
2022-01-27,86,87
2022-01-28,88,88
2022-01-29,87,88
2022-01-30,87,87
2022-01-31,88,88
2022-02-01,65,88
2022-02-02,65,65
2022-02-03,76,76
2022-02-04,77,77
2022-02-05,77,77
2022-02-06,77,77
2022-02-07,78,78
2022-02-08,66,79
2022-02-09,76,76
2022-02-10,78,79
2022-02-11,79,79
2022-02-12,79,79
2022-02-13,79,79
2022-02-14,79,80
2022-02-15,60,80
2022-02-16,66,67
2022-02-17,68,68
2022-02-18,79,79
2022-02-19,79,79
2022-02-20,78,79
2022-02-21,78,78
2022-02-22,69,80
2022-02-23,75,75
2022-02-24,75,76
2022-02-25,76,76
2022-02-26,76,76
2022-02-27,76,76
2022-02-28,75,76
2022-03-01,57,76
2022-03-02,64,65
2022-03-03,75,76
2022-03-04,75,75
2022-03-05,75,75
2022-03-06,75,75
2022-03-07,75,75
2022-03-08,64,75
2022-03-09,65,65
2022-03-10,62,65
2022-03-11,60,62
2022-03-12,60,60
2022-03-13,60,60
2022-03-14,60,60
2022-03-15,48,63
2022-03-16,47,48
2022-03-17,47,47
2022-03-18,48,48
2022-03-19,48,48
2022-03-20,48,48
2022-03-21,49,49
2022-03-22,42,49
2022-03-23,45,45
2022-03-24,45,46
2022-03-25,45,45
2022-03-26,45,45
2022-03-27,45,45
2022-03-28,45,45
2022-03-29,45,46
2022-03-30,54,55
2022-03-31,52,54
2022-04-01,54,54
2022-04-02,54,54
2022-04-03,55,55
2022-04-04,58,58
2022-04-05,53,58
2022-04-06,53,53
2022-04-07,53,54
2022-04-08,53,53
2022-04-09,53,53
2022-04-10,53,53
2022-04-11,53,53
2022-04-12,44,53
2022-04-13,44,44
2022-04-14,46,46
2022-04-15,50,50
2022-04-16,50,50
2022-04-17,50,50
2022-04-18,50,50
2022-04-19,44,51
2022-04-20,43,44
2022-04-21,48,48
2022-04-22,49,49
2022-04-23,49,49
2022-04-24,49,49
2022-04-25,49,49
2022-04-26,42,50
2022-04-27,40,43
2022-04-28,45,45
2022-04-29,45,45
2022-04-30,45,45
2022-05-01,45,45
2022-05-02,45,45
2022-05-03,46,49
2022-05-04,46,46
2022-05-05,48,48
2022-05-06,48,48
2022-05-07,48,48
2022-05-08,48,48
2022-05-09,48,48
2022-05-10,39,48
2022-05-11,40,40
2022-05-12,49,49
2022-05-13,49,49
2022-05-14,49,49
2022-05-15,49,49
2022-05-16,50,51
2022-05-17,47,50
2022-05-18,47,48
2022-05-19,67,67
2022-05-20,68,68
2022-05-21,66,68
2022-05-22,66,66
2022-05-23,68,68
2022-05-24,64,78
2022-05-25,65,65
2022-05-26,75,75
2022-05-27,76,76
2022-05-28,76,76
2022-05-29,76,76
2022-05-30,76,76
2022-05-31,60,76
2022-06-01,59,60
2022-06-02,70,70
2022-06-03,70,70
2022-06-04,70,70
2022-06-05,70,70
2022-06-06,70,71
2022-06-07,54,70
2022-06-08,53,54
2022-06-09,59,60
2022-06-10,56,59
2022-06-11,56,56
2022-06-12,56,56
2022-06-13,58,58
2022-06-14,62,67
2022-06-15,64,64
2022-06-16,85,85
2022-06-17,85,85
2022-06-18,85,85
2022-06-19,85,85
2022-06-20,85,85
2022-06-21,63,86
2022-06-22,63,63
2022-06-23,73,73
2022-06-24,73,73
2022-06-25,73,73
2022-06-26,73,73
2022-06-27,74,74
2022-06-28,65,79
2022-06-29,65,66
2022-06-30,76,76
2022-07-01,76,76
2022-07-02,76,76
2022-07-03,76,76
2022-07-04,76,76
2022-07-05,54,77
2022-07-06,54,55
2022-07-07,61,62
2022-07-08,61,61
2022-07-09,61,61
2022-07-10,61,61
2022-07-11,62,62
2022-07-12,74,74
2022-07-13,57,74
2022-07-14,65,65
2022-07-15,66,67
2022-07-16,66,66
2022-07-17,66,66
2022-07-18,67,67
2022-07-19,62,74
2022-07-20,63,63
2022-07-21,69,69
2022-07-22,70,70
2022-07-23,70,70
2022-07-24,70,70
2022-07-25,70,70
2022-07-26,63,74
2022-07-27,75,76
2022-07-28,81,81
2022-07-29,82,82
2022-07-30,82,82
2022-07-31,82,82
2022-08-01,82,83
2022-08-02,68,83
2022-08-03,70,71
2022-08-04,76,76
2022-08-05,75,76
2022-08-06,75,75
2022-08-07,75,75
2022-08-08,76,77
2022-08-09,71,85
2022-08-10,72,73
2022-08-11,77,77
2022-08-12,77,77
2022-08-13,77,77
2022-08-14,77,77
2022-08-15,77,77
2022-08-16,73,86
2022-08-17,73,85
2022-08-18,73,73
2022-08-19,75,75
2022-08-20,75,75
2022-08-21,75,75
2022-08-22,75,77
2022-08-23,61,76
2022-08-24,59,61
2022-08-25,61,61
2022-08-26,61,61
2022-08-27,61,61
2022-08-28,61,61
2022-08-29,61,61
2022-08-30,63,69
2022-08-31,75,75
2022-09-01,80,80
2022-09-02,80,80
2022-09-03,80,80
2022-09-04,80,80
2022-09-05,80,80
2022-09-06,67,91
2022-09-07,67,68
2022-09-08,69,69
2022-09-09,70,70
2022-09-10,70,70
2022-09-11,70,70
2022-09-12,70,70
2022-09-13,64,72
2022-09-14,78,79
2022-09-15,82,82
2022-09-16,81,82
2022-09-17,81,81
2022-09-18,81,81
2022-09-19,80,81
2022-09-20,82,82
2022-09-21,79,82
2022-09-22,79,79
2022-09-23,78,79
2022-09-24,78,78
2022-09-25,78,78
2022-09-26,78,78
2022-09-27,63,84
2022-09-28,63,63
2022-09-29,70,70
2022-09-30,70,70
2022-10-01,70,70
2022-10-02,70,70
2022-10-03,76,76
2022-10-04,65,84
2022-10-05,65,65
2022-10-06,72,72
2022-10-07,72,72
2022-10-08,72,72
2022-10-09,72,72
2022-10-10,72,72
2022-10-11,66,77
2022-10-12,68,69
2022-10-13,69,69
2022-10-14,74,75
2022-10-15,74,74
2022-10-16,74,74
2022-10-17,75,75
2022-10-18,73,76
2022-10-19,75,82
2022-10-20,88,88
2022-10-21,81,88
2022-10-22,81,81
2022-10-23,81,81
2022-10-24,82,84
2022-10-25,77,85
2022-10-26,81,81
2022-10-27,82,82
2022-10-28,82,83
2022-10-29,82,82
2022-10-30,82,82
2022-10-31,91,91
2022-11-01,80,92
2022-11-02,81,81
2022-11-03,87,87
2022-11-04,89,89
2022-11-05,89,89
2022-11-06,89,89
2022-11-07,90,91
2022-11-08,90,96
2022-11-09,90,90
2022-11-10,90,90
2022-11-11,90,90
2022-11-12,90,90
2022-11-13,90,90
2022-11-14,86,90
2022-11-15,68,86
2022-11-16,70,70
2022-11-17,71,72
2022-11-18,71,71
2022-11-19,71,71
2022-11-20,71,71
2022-11-21,71,71
2022-11-22,58,71
2022-11-23,61,61
2022-11-24,61,61
2022-11-25,61,61
2022-11-26,61,61
2022-11-27,61,61
2022-11-28,61,61
2022-11-29,53,64
2022-11-30,73,74
2022-12-01,74,74
2022-12-02,74,74
2022-12-03,74,74
2022-12-04,74,74
2022-12-05,73,74
2022-12-06,67,73
2022-12-07,75,76
2022-12-08,74,75
2022-12-09,72,74
2022-12-10,72,72
2022-12-11,72,72
2022-12-12,72,72
2022-12-13,59,72
2022-12-14,68,69
2022-12-15,69,70
2022-12-16,69,70
2022-12-17,69,69
2022-12-18,69,69
2022-12-19,71,71
2022-12-20,62,71
2022-12-21,65,65
2022-12-22,65,65
2022-12-23,65,65
2022-12-24,65,65
2022-12-25,65,65
2022-12-26,65,65
2022-12-27,55,66
2022-12-28,55,55
2022-12-29,61,61
2022-12-30,62,62
2022-12-31,62,62
2023-01-01,62,62
2023-01-02,62,62
2023-01-03,51,62
2023-01-04,53,53
2023-01-05,54,54
2023-01-06,57,57
2023-01-07,57,57
2023-01-08,57,57
2023-01-09,58,58
2023-01-10,50,58
2023-01-11,52,52
2023-01-12,62,62
2023-01-13,62,62
2023-01-14,62,62
2023-01-15,62,62
2023-01-16,62,62
2023-01-17,57,65
2023-01-18,65,65
2023-01-19,67,67
2023-01-20,68,69
2023-01-21,68,68
2023-01-22,68,68
2023-01-23,69,69
2023-01-24,58,69
2023-01-25,69,77
2023-01-26,72,72
2023-01-27,72,72
2023-01-28,72,72
2023-01-29,72,72
2023-01-30,71,72
2023-01-31,61,71
2023-02-01,62,63
2023-02-02,62,62
2023-02-03,62,62
2023-02-04,62,62
2023-02-05,62,62
2023-02-06,62,62
2023-02-07,45,62
2023-02-08,53,53
2023-02-09,65,66
2023-02-10,65,65
2023-02-11,65,65
2023-02-12,65,65
2023-02-13,65,65
2023-02-14,65,67
2023-02-15,58,66
2023-02-16,59,59
2023-02-17,58,59
2023-02-18,58,58
2023-02-19,58,58
2023-02-20,58,58
2023-02-21,49,60
2023-02-22,50,50
2023-02-23,50,50
2023-02-24,52,52
2023-02-25,52,52
2023-02-26,52,52
2023-02-27,53,53
2023-02-28,45,54
2023-03-01,52,52
2023-03-02,66,66
2023-03-03,70,70
2023-03-04,70,70
2023-03-05,70,70
2023-03-06,70,70
2023-03-07,69,74
2023-03-08,75,77
2023-03-09,77,77
2023-03-10,77,78
2023-03-11,77,77
2023-03-12,77,77
2023-03-13,78,78
2023-03-14,67,78
2023-03-15,69,69
2023-03-16,80,80
2023-03-17,80,80
2023-03-18,80,80
2023-03-19,80,80
2023-03-20,80,80
2023-03-21,80,80
2023-03-22,67,82
2023-03-23,67,67
2023-03-24,68,68
2023-03-25,68,68
2023-03-26,68,68
2023-03-27,69,69
2023-03-28,62,72
2023-03-29,62,63
2023-03-30,62,63
2023-03-31,63,63
2023-04-01,63,63
2023-04-02,63,63
2023-04-03,65,65
2023-04-04,60,65
2023-04-05,64,64
2023-04-06,67,69
2023-04-07,68,70
2023-04-08,68,68
2023-04-09,68,68
2023-04-10,70,70
2023-04-11,61,70
2023-04-12,65,65
2023-04-13,65,65
2023-04-14,68,68
2023-04-15,68,68
2023-04-16,68,68
2023-04-17,68,68
2023-04-18,62,68
2023-04-19,67,68
2023-04-20,72,72
2023-04-21,72,72
2023-04-22,72,72
2023-04-23,72,72
2023-04-24,73,73
2023-04-25,58,73
2023-04-26,58,59
2023-04-27,63,63
2023-04-28,63,63
2023-04-29,63,63
2023-04-30,63,63
2023-05-01,63,63
2023-05-02,55,63
2023-05-03,60,60
2023-05-04,67,67
2023-05-05,67,67
2023-05-06,67,67
2023-05-07,67,67
2023-05-08,68,70
2023-05-09,59,70
2023-05-10,60,60
2023-05-11,65,65
2023-05-12,65,65
2023-05-13,65,65
2023-05-14,65,65
2023-05-15,69,69
2023-05-16,64,69
2023-05-17,67,67
2023-05-18,73,73
2023-05-19,60,73
2023-05-20,60,60
2023-05-21,60,60
2023-05-22,61,61
2023-05-23,54,63
2023-05-24,54,55
2023-05-25,54,54
2023-05-26,54,55
2023-05-27,54,54
2023-05-28,54,54
2023-05-29,54,54
2023-05-30,43,54
2023-05-31,42,43
2023-06-01,45,45
2023-06-02,46,46
2023-06-03,46,46
2023-06-04,46,46
2023-06-05,52,52
2023-06-06,47,52
2023-06-07,55,55
2023-06-08,58,58
2023-06-09,58,58
2023-06-10,58,58
2023-06-11,58,58
2023-06-12,58,58
2023-06-13,51,60
2023-06-14,52,52
2023-06-15,57,57
2023-06-16,59,59
2023-06-17,59,59
2023-06-18,59,59
2023-06-19,59,59
2023-06-20,51,59
2023-06-21,58,59
2023-06-22,60,60
2023-06-23,55,60
2023-06-24,55,55
2023-06-25,55,55
2023-06-26,55,55
2023-06-27,51,57
2023-06-28,52,53
2023-06-29,58,59
2023-06-30,60,60
2023-07-01,60,60
2023-07-02,60,60
2023-07-03,59,60
2023-07-04,59,59
2023-07-05,58,65
2023-07-06,60,60
2023-07-07,61,61
2023-07-08,61,61
2023-07-09,61,61
2023-07-10,61,61
2023-07-11,53,63
2023-07-12,52,53
2023-07-13,59,59
2023-07-14,50,59
2023-07-15,50,50
2023-07-16,50,50
2023-07-17,55,55
2023-07-18,48,55
2023-07-19,55,55
2023-07-20,57,57
2023-07-21,56,57
2023-07-22,57,57
2023-07-23,57,57
2023-07-24,60,61
2023-07-25,53,61
2023-07-26,53,54
2023-07-27,55,55
2023-07-28,56,56
2023-07-29,56,56
2023-07-30,56,56
2023-07-31,61,61
2023-08-01,55,61
2023-08-02,68,68
2023-08-03,74,74
2023-08-04,75,75
2023-08-05,75,75
2023-08-06,75,75
2023-08-07,75,75
2023-08-08,70,75
2023-08-09,71,71
2023-08-10,71,71
2023-08-11,72,72
2023-08-12,72,72
2023-08-13,72,72
2023-08-14,71,73
2023-08-15,67,72
2023-08-16,77,77
2023-08-17,78,79
2023-08-18,78,79
2023-08-19,78,78
2023-08-20,78,78
2023-08-21,76,78
2023-08-22,60,76
2023-08-23,60,61
2023-08-24,60,60
2023-08-25,60,60
2023-08-26,60,60
2023-08-27,60,60
2023-08-28,62,62
2023-08-29,51,62
2023-08-30,51,51
2023-08-31,56,58
2023-09-01,57,57
2023-09-02,57,57
2023-09-03,57,57
2023-09-04,57,57
2023-09-05,56,63
2023-09-06,56,56
2023-09-07,55,57
2023-09-08,55,55
2023-09-09,55,55
2023-09-10,55,55
2023-09-11,57,57
2023-09-12,50,61
2023-09-13,51,51
2023-09-14,63,63
2023-09-15,63,63
2023-09-16,63,63
2023-09-17,63,63
2023-09-18,65,65
2023-09-19,60,66
2023-09-20,61,61
2023-09-21,68,69
2023-09-22,70,70
2023-09-23,70,70
2023-09-24,70,70
2023-09-25,70,70
2023-09-26,63,71
2023-09-27,63,63
2023-09-28,72,72
2023-09-29,72,72
2023-09-30,72,72
2023-10-01,72,72
2023-10-02,75,75
2023-10-03,70,77
2023-10-04,70,70
2023-10-05,71,71
2023-10-06,71,71
2023-10-07,71,71
2023-10-08,71,71
2023-10-09,71,71
2023-10-10,59,71
2023-10-11,61,61
2023-10-12,65,65
2023-10-13,65,65
2023-10-14,65,65
2023-10-15,65,65
2023-10-16,65,65
2023-10-17,54,65
2023-10-18,54,54
2023-10-19,63,63
2023-10-20,70,70
2023-10-21,70,70
2023-10-22,70,70
2023-10-23,72,72
2023-10-24,60,74
2023-10-25,60,60
2023-10-26,86,86
2023-10-27,87,87
2023-10-28,87,87
2023-10-29,87,87
2023-10-30,87,87
2023-10-31,83,88
2023-11-01,83,84
2023-11-02,84,85
2023-11-03,84,84
2023-11-04,84,84
2023-11-05,84,84
2023-11-06,84,84
2023-11-07,70,85
2023-11-08,70,70
2023-11-09,82,83
2023-11-10,82,82
2023-11-11,82,82
2023-11-12,82,82
2023-11-13,81,82
2023-11-14,62,81
2023-11-15,67,67
2023-11-16,73,73
2023-11-17,73,74
2023-11-18,73,73
2023-11-19,73,73
2023-11-20,71,73
2023-11-21,60,72
2023-11-22,61,61
2023-11-23,61,61
2023-11-24,66,66
2023-11-25,66,66
2023-11-26,66,66
2023-11-27,66,66
2023-11-28,60,69
2023-11-29,61,61
2023-11-30,74,75
2023-12-01,73,74
2023-12-02,73,73
2023-12-03,73,73
2023-12-04,73,73
2023-12-05,68,76
2023-12-06,69,69
2023-12-07,69,69
2023-12-08,70,70
2023-12-09,70,70
2023-12-10,70,70
2023-12-11,70,70
2023-12-12,59,73
2023-12-13,57,59
2023-12-14,58,58
2023-12-15,58,59
2023-12-16,58,58
2023-12-17,58,58
2023-12-18,58,58
2023-12-19,58,74
2023-12-20,59,59
2023-12-21,74,74
2023-12-22,66,74
2023-12-23,65,66
2023-12-24,65,65
2023-12-25,65,65
2023-12-26,64,68
2023-12-27,63,64
2023-12-28,74,76
2023-12-29,75,75
2023-12-30,75,75
2023-12-31,75,75
2024-01-01,75,75
2024-01-02,72,76
2024-01-03,72,73
2024-01-04,77,77
2024-01-05,77,77
2024-01-06,77,77
2024-01-07,77,77
2024-01-08,77,77
2024-01-09,64,79
2024-01-10,63,65
2024-01-11,65,66
2024-01-12,68,69
2024-01-13,69,69
2024-01-14,69,69
2024-01-15,69,69
2024-01-16,63,71
2024-01-17,63,63
2024-01-18,61,66
2024-01-19,68,68
2024-01-20,68,68
2024-01-21,68,68
2024-01-22,68,68
2024-01-23,64,68
2024-01-24,64,65
2024-01-25,65,66
2024-01-26,64,65
2024-01-27,64,64
2024-01-28,64,64
2024-01-29,64,64
2024-01-30,55,64
2024-01-31,54,55
2024-02-01,55,55
2024-02-02,56,56
2024-02-03,56,56
2024-02-04,56,56
2024-02-05,55,57
2024-02-06,53,58
2024-02-07,53,54
2024-02-08,59,60
2024-02-09,60,61
2024-02-10,60,60
2024-02-11,60,60
2024-02-12,60,61
2024-02-13,57,66
2024-02-14,58,59
2024-02-15,67,67
2024-02-16,67,67
2024-02-17,67,67
2024-02-18,67,67
2024-02-19,67,67
2024-02-20,58,67
2024-02-21,60,61
2024-02-22,66,72
2024-02-23,66,66
2024-02-24,66,66
2024-02-25,66,66
2024-02-26,66,67
2024-02-27,65,71
2024-02-28,64,65
2024-02-29,66,66
2024-03-01,69,69
2024-03-02,69,69
2024-03-03,69,69
2024-03-04,69,69
2024-03-05,52,69
2024-03-06,52,52
2024-03-07,63,64
2024-03-08,62,64
2024-03-09,62,62
2024-03-10,62,62
2024-03-11,63,63
2024-03-12,49,63
2024-03-13,50,50
2024-03-14,53,58
2024-03-15,53,55
2024-03-16,53,53
2024-03-17,53,53
2024-03-18,53,53
2024-03-19,50,59
2024-03-20,51,51
2024-03-21,54,54
2024-03-22,54,55
2024-03-23,54,54
2024-03-24,54,54
2024-03-25,54,55
2024-03-26,47,57
2024-03-27,47,47
2024-03-28,60,60
2024-03-29,63,63
2024-03-30,63,63
2024-03-31,63,63
2024-04-01,63,63
2024-04-02,62,70
2024-04-03,61,62
2024-04-04,68,68
2024-04-05,72,73
2024-04-06,72,72
2024-04-07,72,72
2024-04-08,90,90
2024-04-09,77,90
2024-04-10,77,77
2024-04-11,84,84
2024-04-12,84,86
2024-04-13,84,84
2024-04-14,84,84
2024-04-15,82,84
2024-04-16,73,85
2024-04-17,74,75
2024-04-18,83,84
2024-04-19,83,83
2024-04-20,83,83
2024-04-21,83,83
2024-04-22,83,83
2024-04-23,78,92
2024-04-24,79,79
2024-04-25,84,84
2024-04-26,84,84
2024-04-27,82,84
2024-04-28,82,82
2024-04-29,83,83
2024-04-30,77,92
2024-05-01,77,77
2024-05-02,79,79
2024-05-03,80,80
2024-05-04,80,80
2024-05-05,80,80
2024-05-06,80,80
2024-05-07,65,82
2024-05-08,65,65
2024-05-09,78,78
2024-05-10,78,80
2024-05-11,78,78
2024-05-12,78,78
2024-05-13,76,78
2024-05-14,73,90
2024-05-15,75,76
2024-05-16,78,81
2024-05-17,76,79
2024-05-18,76,76
2024-05-19,74,76
2024-05-20,78,78
2024-05-21,82,97
2024-05-22,85,85
2024-05-23,85,90
2024-05-24,86,86
2024-05-25,86,86
2024-05-26,86,86
2024-05-27,86,86
2024-05-28,81,94
2024-05-29,82,82
2024-05-30,82,82
2024-05-31,82,83
2024-06-01,82,82
2024-06-02,82,82
2024-06-03,83,83
2024-06-04,79,93
2024-06-05,84,84
2024-06-06,89,90
2024-06-07,90,90
2024-06-08,89,90
2024-06-09,89,89
2024-06-10,87,89
2024-06-11,77,91
2024-06-12,76,77
2024-06-13,77,78
2024-06-14,77,77
2024-06-15,77,77
2024-06-16,77,77
2024-06-17,76,77
2024-06-18,61,78
2024-06-19,62,62
2024-06-20,64,66
2024-06-21,64,65
2024-06-22,64,64
2024-06-23,64,64
2024-06-24,67,67
2024-06-25,60,77
2024-06-26,61,61
2024-06-27,82,83
2024-06-28,80,82
2024-06-29,80,80
2024-06-30,80,80
2024-07-01,83,83
2024-07-02,81,90
2024-07-03,80,81
2024-07-04,80,80
2024-07-05,83,83
2024-07-06,83,83
2024-07-07,83,83
2024-07-08,83,83
2024-07-09,75,87
2024-07-10,76,76
2024-07-11,81,82
2024-07-12,80,81
2024-07-13,80,80
2024-07-14,80,80
2024-07-15,80,81
2024-07-16,76,97
2024-07-17,77,77
2024-07-18,76,77
2024-07-19,80,80
2024-07-20,80,80
2024-07-21,80,80
2024-07-22,80,80
2024-07-23,76,86
2024-07-24,76,76
2024-07-25,78,78
2024-07-26,78,78
2024-07-27,78,78
2024-07-28,78,78
2024-07-29,79,79
2024-07-30,61,85
2024-07-31,60,61
2024-08-01,63,65
2024-08-02,63,63
2024-08-03,63,63
2024-08-04,63,63
2024-08-05,63,63
2024-08-06,60,74
2024-08-07,63,64
2024-08-08,68,68
2024-08-09,68,68
2024-08-10,68,68
2024-08-11,68,68
2024-08-12,68,68
2024-08-13,67,78
2024-08-14,67,67
2024-08-15,76,77
2024-08-16,77,78
2024-08-17,77,77
2024-08-18,77,77
2024-08-19,77,77
2024-08-20,67,80
2024-08-21,68,68
2024-08-22,73,73
2024-08-23,74,74
2024-08-24,74,74
2024-08-25,74,74
2024-08-26,75,76
2024-08-27,65,86
2024-08-28,65,66
2024-08-29,66,66
2024-08-30,66,66
2024-08-31,66,66
2024-09-01,66,66
2024-09-02,66,66
2024-09-03,51,66
2024-09-04,60,60
2024-09-05,68,68
2024-09-06,67,68
2024-09-07,67,67
2024-09-08,67,67
2024-09-09,67,67
2024-09-10,63,73
2024-09-11,64,64
2024-09-12,73,73
2024-09-13,72,73
2024-09-14,72,72
2024-09-15,72,72
2024-09-16,74,74
2024-09-17,69,82
2024-09-18,69,69
2024-09-19,73,73
2024-09-20,74,74
2024-09-21,74,74
2024-09-22,74,74
2024-09-23,74,74
2024-09-24,63,76
2024-09-25,64,64
2024-09-26,67,67
2024-09-27,72,73
2024-09-28,72,72
2024-09-29,72,72
2024-09-30,72,72
2024-10-01,72,82
2024-10-02,72,72
2024-10-03,77,77
2024-10-04,77,78
2024-10-05,77,77
2024-10-06,77,77
2024-10-07,77,77
2024-10-08,73,90
2024-10-09,73,73
2024-10-10,79,80
2024-10-11,79,79
2024-10-12,79,79
2024-10-13,78,79
2024-10-14,79,79
2024-10-15,65,79
2024-10-16,65,65
2024-10-17,67,68
2024-10-18,68,68
2024-10-19,68,68
2024-10-20,68,68
2024-10-21,68,68
2024-10-22,63,69
2024-10-23,62,63
2024-10-24,64,64
2024-10-25,64,64
2024-10-26,64,64
2024-10-27,64,64
2024-10-28,64,64
2024-10-29,60,67
2024-10-30,59,60
2024-10-31,65,66
2024-11-01,65,65
2024-11-02,65,65
2024-11-03,65,65
2024-11-04,65,65
2024-11-05,0,65
2024-11-06,0,0
2024-11-07,0,0
2024-11-08,0,0
2024-11-09,0,0
2024-11-10,0,0
2024-11-11,0,0
2024-11-12,0,0
2024-11-13,0,0
2024-11-14,0,0
2024-11-15,0,0
2024-11-16,0,0
2024-11-17,0,0
2024-11-18,0,0
2024-11-19,0,0
2024-11-20,0,0
2024-11-21,0,0
2024-11-22,0,0
2024-11-23,0,0
2024-11-24,0,0
2024-11-25,0,0
2024-11-26,0,0
2024-11-27,0,0
2024-11-28,0,0
2024-11-29,0,0
2024-11-30,0,0
2024-12-01,0,0
2024-12-02,0,0
2024-12-03,0,0
2024-12-04,0,0
2024-12-05,0,0
2024-12-06,0,0
2024-12-07,0,0
2024-12-08,0,0
2024-12-09,0,0
2024-12-10,0,0
2024-12-11,0,0
2024-12-12,0,0
2024-12-13,0,0
2024-12-14,0,0
2024-12-15,0,0
2024-12-16,0,0
2024-12-17,0,0
2024-12-18,0,0
2024-12-19,0,0
2024-12-20,0,0
2024-12-21,0,0
2024-12-22,0,0
2024-12-23,0,0
2024-12-24,0,0
2024-12-25,0,0
2024-12-26,0,0
2024-12-27,0,0
2024-12-28,0,0
2024-12-29,0,0
2024-12-30,0,0
2024-12-31,0,0
2025-01-01,0,0
2025-01-02,0,0
2025-01-03,0,0
2025-01-04,0,0
2025-01-05,0,0
2025-01-06,0,0
2025-01-07,0,0
2025-01-08,0,0
2025-01-09,0,0
2025-01-10,0,0
2025-01-11,0,0
2025-01-12,0,0
2025-01-13,0,0
2025-01-14,0,0
2025-01-15,0,0
2025-01-16,0,0
2025-01-17,0,0
2025-01-18,0,0
2025-01-19,0,0
2025-01-20,0,0
2025-01-21,0,0
2025-01-22,0,0
2025-01-23,0,0
2025-01-24,0,0
2025-01-25,0,0
2025-01-26,0,0
2025-01-27,0,0
2025-01-28,0,0
2025-01-29,0,0
2025-01-30,0,0
2025-01-31,0,0
2025-02-01,0,0
2025-02-02,0,0
2025-02-03,0,0
2025-02-04,0,0
2025-02-05,0,0
2025-02-06,0,0
2025-02-07,0,0
2025-02-08,0,0
2025-02-09,0,0
2025-02-10,0,0
2025-02-11,0,0
2025-02-12,0,0
2025-02-13,0,0
2025-02-14,0,0
2025-02-15,0,0
2025-02-16,0,0
2025-02-17,0,0
