code,latitude,longitude,N,size
AAORDMD,39.2,-76.594,0,2.0
ABQHOLD,35.053,-106.629,0,2.0
ABRXSPA,40.192,-75.916,0,2.0
ABTHOLD,32.562,-99.635,0,2.0
ADACOID,43.607,-116.27,0,2.0
ADAMSMS,31.569,-91.23,778,9.0
ADAMSWA,47.127,-118.383,0,2.0
ADDCOVT,44.012,-73.164,0,2.0
ADLNTCA,34.558,-117.442,12,3.5
AFRC,32.857,-104.415,0,2.0
AGAHOLD,13.477,144.748,0,2.0
AGC,18.494,-67.142,0,2.0
AGMDCCA,33.821,-117.91,0,2.0
AIRHOPR,18.44,-66.005,0,2.0
AKCOOKI,61.219,-149.871,0,2.0
AKFAIRB,64.835,-147.761,0,2.0
AKHIGHL,61.304,-149.58,0,2.0
AKLEMON,58.361,-134.488,0,2.0
ALAMCNC,36.069,-79.402,27,3.5
ALAMOTX,26.182,-98.119,0,2.0
ALBCONY,42.751,-73.815,0,2.0
ALESSAZ,33.576,-111.927,0,2.0
ALEXAVA,38.799,-77.067,0,2.0
ALHAMCA,34.092,-118.127,0,2.0
ALLEGNY,42.212,-78.017,0,2.0
ALLEGPA,40.435,-79.994,0,2.0
ALLENIN,41.083,-85.14,0,2.0
ALMHOLD,37.488,-105.86,0,2.0
AMTHOLD,35.223,-101.749,1,2.0
ANCHOAK,61.218,-149.858,0,2.0
APACHAZ,34.502,-109.364,0,2.0
APIBHCA,32.774,-117.044,0,2.0
APPSCLA,30.62,-92.757,107,6.0
ARLCOVA,38.891,-77.083,0,2.0
ARRMCCA,34.076,-117.353,0,2.0
ASHRSFL,26.123,-80.137,0,2.0
ATLANGA,33.747,-84.395,0,2.0
ATLHOLD,33.753,-84.393,6,2.0
ATTHOLD,32.204,-95.854,0,2.0
AURORCO,39.71,-104.79,0,2.0
AUSHOLD,30.27,-97.739,6,2.0
AZSVCPC,33.453,-112.026,0,2.0
BAILECA,32.59,-116.921,0,2.0
BAKERFL,30.296,-82.122,227,6.0
BALDWAL,30.885,-87.775,2,2.0
BALHOLD,39.255,-76.681,2,2.0
BANNOID,42.839,-112.41,0,2.0
BASILLA,30.487,-92.583,481,6.0
BAYAMPR,18.368,-66.154,0,2.0
BCORCPA,40.379,-76.016,0,2.0
BEAVRPA,40.629,-80.239,0,2.0
BEDCITX,32.841,-97.133,0,2.0
BEDFOOH,41.409,-81.497,0,2.0
BEFAMPA,40.38,-76.02,0,2.0
BEHOSNY,40.74,-73.976,0,2.0
BELCOTX,31.056,-97.464,0,2.0
BENTOWA,46.221,-119.221,0,2.0
BERGENJ,40.874,-74.039,0,2.0
BERKSPA,40.383,-76.017,0,2.0
BESECPA,40.383,-76.017,0,2.0
BHCALCA,34.077,-118.073,0,2.0
BHMHOLD,33.48,-86.791,0,2.0
BIGHOMT,45.733,-107.609,0,2.0
BKLHOLD,35.374,-119.011,2,2.0
BLBNATX,32.778,-99.91,534,9.0
BLHHOLD,48.822,-122.561,0,2.0
BLOUNTN,35.75,-83.991,0,2.0
BMCSATX,29.433,-98.492,0,2.0
BOEHOLD,31.792,-106.403,0,2.0
BOIHOLD,43.593,-116.286,0,2.0
BONNEID,43.495,-112.041,0,2.0
BOONEKY,39.037,-84.724,115,6.0
BOPALM,41.128,-76.922,0,2.0
BOPBUT,36.187,-78.741,0,2.0
BOPCAA,41.565,-75.42,0,2.0
BOPCNV,36.226,-86.627,0,2.0
BOPCUM,39.597,-78.754,0,2.0
BOPDAL,33.201,-101.372,0,2.0
BOPFAI,39.39,-75.157,0,2.0
BOPGUA,18.423,-66.112,4,2.0
BOPHON,21.333,-157.929,15,3.5
BOPLOF,34.677,-120.5,2,2.0
BOPLOM,34.679,-120.505,0,2.0
BOPLTL,31.868,-106.37,0,2.0
BOPMAR,37.663,-88.984,0,2.0
BOPMCR,36.688,-84.388,0,2.0
BOPMEM,35.156,-89.867,0,2.0
BOPMVC,40.92,-78.241,0,2.0
BOPNEO,41.129,-80.627,0,2.0
BOPOAD,30.821,-92.641,0,2.0
BOPPHX,33.832,-112.168,0,2.0
BOPRCH,44.023,-92.44,0,2.0
BOPSDC,32.714,-117.166,0,2.0
BOPSET,47.422,-122.302,0,2.0
BOPSHE,45.084,-123.382,0,2.0
BOPSPG,37.178,-93.323,0,2.0
BOPTCP,32.08,-110.858,0,2.0
BOPTHA,39.416,-87.451,0,2.0
BOPVIM,34.572,-117.38,0,2.0
BOSHOLD,42.483,-71.209,2,2.0
BOSSRLA,32.843,-93.757,0,2.0
BOTTIND,48.828,-100.45,0,2.0
BPC,42.366,-71.052,0,2.0
BRADEFL,27.495,-82.573,0,2.0
BRCHOLD,40.272,-103.625,0,2.0
BREMEIA,42.727,-92.466,0,2.0
BRGMCFL,26.103,-80.141,0,2.0
BRINDMA,41.665,-70.996,0,2.0
BRKHOLD,40.383,-76.014,0,2.0
BROADMT,46.321,-111.516,0,2.0
BROJAFL,26.115,-80.143,0,2.0
BROKSTX,27.248,-98.126,0,2.0
BROMMNY,42.131,-75.913,0,2.0
BROWNWI,44.522,-87.931,0,2.0
BRWNSTX,25.908,-97.498,0,2.0
BSAHOLD,41.869,-87.866,6,2.0
BSCDRTX,32.221,-101.507,0,2.0
BSCHOLD,32.225,-101.515,1,2.0
BSCORTX,32.223,-101.506,0,2.0
BSGDFTX,33.201,-101.372,0,2.0
BTV,43.02,-78.203,449,6.0
BURLEND,46.794,-100.694,0,2.0
BURNETX,30.742,-98.253,0,2.0
BUTLEKS,37.814,-96.83,0,2.0
BUTLEOH,39.39,-84.553,0,2.0
BWDGICA,34.063,-118.239,0,2.0
BWEPATX,31.78,-106.393,0,2.0
BWMARCA,32.659,-117.11,0,2.0
BWRGMTX,26.187,-98.219,0,2.0
BXCHSNY,40.843,-73.911,0,2.0
CACFMES,35.393,-119.027,53,3.5
CACHEUT,41.735,-111.836,0,2.0
CACTYCA,35.156,-117.862,0,2.0
CADCCAL,33.166,-115.485,0,2.0
CADESVI,34.559,-117.437,393,6.0
CAJUVMN,44.789,-93.593,0,2.0
CALDWMO,39.643,-94.047,0,2.0
CALHOMI,42.317,-85.176,94,3.5
CAMBRPA,40.484,-78.701,0,2.0
CAMERTX,25.905,-97.491,0,2.0
CARBOWY,41.796,-107.224,0,2.0
CARDFVA,38.117,-77.278,233,6.0
CARJAMN,44.787,-93.593,0,2.0
CARROMD,39.573,-76.986,0,2.0
CASCAMT,47.466,-111.38,2,2.0
CASPCAL,33.166,-115.485,0,2.0
CASSCNE,41.011,-95.883,0,2.0
CATAHLA,31.86,-91.962,0,2.0
CATTANY,42.251,-78.8,0,2.0
CBENDTX,27.737,-97.755,16,3.5
CBRRSNC,35.409,-80.578,0,2.0
CCADCAZ,33.064,-111.379,0,2.0
CCAFLAZ,33.044,-111.372,366,6.0
CCAHUTX,30.565,-97.42,444,6.0
CCANOOH,41.129,-80.627,0,2.0
CCASDCA,32.577,-116.915,1151,12.0
CEMEDFL,25.788,-80.216,0,2.0
CFREDVA,39.199,-78.146,0,2.0
CGRMCAZ,32.881,-111.709,1,2.0
CHACONY,42.255,-79.504,0,2.0
CHAHOLD,18.322,-64.964,0,2.0
CHARLSC,32.859,-80.009,0,2.0
CHASEKS,38.375,-96.539,74,3.5
CHAVENM,33.352,-104.506,0,2.0
CHELAWA,47.423,-120.315,0,2.0
CHIHOLD,41.975,-87.89,0,2.0
CHIPPMI,46.497,-84.346,15,3.5
CHLHOLD,32.847,-80.02,1,2.0
CHRISMO,37.02,-93.206,0,2.0
CHYHOLD,41.137,-104.82,0,2.0
CIBOCNM,35.18,-107.908,134,6.0
CIBOLNM,35.18,-107.908,0,2.0
CIPHOLD,40.759,-73.191,2,2.0
CISAETX,31.795,-106.402,0,2.0
CISEPTX,31.795,-106.402,0,2.0
CISPVLA,31.356,-92.422,0,2.0
CKHOSFL,25.731,-80.386,0,2.0
CLAYCIN,39.524,-87.12,34,3.5
CLEHOLD,41.505,-81.692,0,2.0
CLICONY,44.72,-73.468,5,2.0
CLINTPA,41.155,-77.337,54,3.5
CLTHOLD,35.223,-80.838,1,2.0
CMPJVNY,42.913,-78.868,0,2.0
CNGHOLD,35.106,-85.298,1,2.0
COAHOLD,34.009,-81.039,0,2.0
COBBJGA,33.909,-84.581,1,2.0
COCONAZ,35.188,-111.64,0,2.0
COLCASC,34.076,-80.98,2,2.0
COLLIFL,26.126,-81.766,9,2.0
COLUMOR,45.849,-122.819,0,2.0
COLUMPA,40.998,-76.451,0,2.0
COMFTFL,25.733,-80.383,0,2.0
CONCOCA,38.018,-122.133,0,2.0
CONEJCO,37.086,-106.005,0,2.0
CONWECA,37.994,-122.352,0,2.0
COOCONH,44.99,-71.532,0,2.0
COOSCOR,43.177,-124.186,0,2.0
COSTACA,33.652,-117.912,0,2.0
COWJVWA,46.141,-122.918,0,2.0
CPPAPAZ,33.449,-111.988,0,2.0
CRGHOLD,40.514,-107.545,0,2.0
CRIHOLD,41.975,-91.67,0,2.0
CROWGMN,46.356,-94.206,0,2.0
CRYCCTX,28.635,-99.83,0,2.0
CSCLQTX,28.898,-99.119,0,2.0
CSCNWWA,47.25,-122.423,600,9.0
CSHEPTX,31.791,-106.393,0,2.0
CSPHOLD,42.852,-106.325,0,2.0
CTLAFSL,41.761,-72.683,0,2.0
CTYORCI,41.323,-72.237,0,2.0
CUMBEME,43.651,-70.282,4,2.0
CVREGVA,38.223,-78.124,0,2.0
DAKOTNE,42.415,-96.419,1,2.0
DALCOTX,32.776,-96.816,11,3.5
DALHOLD,32.824,-96.872,19,3.5
DAVIDTN,36.186,-86.785,0,2.0
DEAPDMI,42.323,-83.173,0,2.0
DEKALAL,34.429,-85.76,0,2.0
DEKALGA,33.747,-84.312,0,2.0
DELAWPA,39.905,-75.513,0,2.0
DENCICO,39.737,-104.992,0,2.0
DENHOLD,39.784,-104.849,1,2.0
DENICDF,39.766,-104.865,664,9.0
DENIICO,39.739,-104.862,0,2.0
DENVECO,39.767,-104.864,0,2.0
DEPCOGU,13.448,144.786,0,2.0
DEPYOGU,13.382,144.662,0,2.0
DETHOLD,42.409,-83.038,0,2.0
DHDFNJ,40.717,-74.128,0,2.0
DISPTAZ,33.334,-111.97,0,2.0
DISSATX,29.521,-98.485,0,2.0
DLRHOLD,29.393,-100.9,1,2.0
DNHMCCO,39.727,-104.991,0,2.0
DOCORNE,41.253,-95.939,0,2.0
DODGEWI,43.407,-88.706,122,6.0
DONAANM,32.303,-106.807,0,2.0
DORCHMD,38.548,-76.061,0,2.0
DOUGLCO,39.373,-104.86,0,2.0
DOUGLWI,46.722,-92.098,0,2.0
DRURYCO,39.776,-104.847,0,2.0
DSMCNTX,31.757,-106.35,0,2.0
DSMHOLD,41.585,-93.623,0,2.0
DSRTVCA,34.472,-117.298,0,2.0
DUVALFL,30.326,-81.65,0,2.0
DVDHOLD,39.155,-75.488,0,2.0
EAGLECO,39.663,-106.82,0,2.0
EAZ,32.818,-111.519,1447,12.0
ECC,32.803,-115.57,0,2.0
ECOLOWA,47.479,-122.284,0,2.0
ECTORTX,31.774,-102.367,0,2.0
EDCHOLD,31.217,-99.834,0,2.0
EDNDCTX,31.217,-99.834,163,6.0
EDNHOLD,31.217,-99.833,0,2.0
EHDLGTX,26.303,-97.932,1,2.0
ELGPDIL,42.04,-88.284,0,2.0
ELMORID,43.137,-115.673,2,2.0
ELPASCO,38.788,-104.779,0,2.0
ELVDFTX,26.48,-97.767,687,9.0
ELZICDF,40.666,-74.19,223,6.0
EMESACA,32.59,-116.922,0,2.0
EPBHSTX,31.781,-106.476,3,2.0
EPC,31.796,-106.37,769,9.0
EPCJUVI,31.796,-106.37,0,2.0
EPLTATX,31.784,-106.474,2,2.0
ERICONY,42.887,-78.878,0,2.0
ERICOPA,42.125,-80.066,0,2.0
ESSEXMA,42.597,-70.987,0,2.0
ESSEXNJ,40.731,-74.136,0,2.0
ESSEXNY,44.282,-73.539,0,2.0
ETOWAAL,34.016,-86.012,0,2.0
ETWHOLD,34.017,-86.012,0,2.0
EUGHOLD,44.052,-123.089,0,2.0
EULESTX,32.832,-97.094,0,2.0
FAICOVA,38.843,-77.309,0,2.0
FAULKAR,35.089,-92.443,0,2.0
FAYETKY,38.066,-84.545,1,2.0
FAYHOLD,36.105,-94.178,0,2.0
FCLT8CA,32.592,-116.924,0,2.0
FDLHOLD,48.846,-122.591,0,2.0
FINNEKS,37.968,-100.876,0,2.0
FIPCAGA,30.883,-81.991,116,6.0
FIPCMGA,30.876,-81.978,514,9.0
FLBAKCI,30.215,-82.372,0,2.0
FLBHCFL,26.197,-80.133,3,2.0
FLHOSFL,26.12,-80.127,0,2.0
FLMARIC,29.304,-82.18,0,2.0
FLO,33.065,-111.379,361,6.0
FLORHAZ,33.073,-111.485,1,2.0
FLOYDGA,34.28,-85.142,1,2.0
FMYHOLD,26.549,-81.808,0,2.0
FORSYNC,36.097,-80.243,0,2.0
FRACOVT,44.811,-73.08,0,2.0
FRDHOLD,40.084,-104.984,0,2.0
FREDEMD,39.365,-77.415,0,2.0
FREEBMN,43.646,-93.368,32,3.5
FREHOLD,36.733,-119.785,3,2.0
FREMOCO,38.447,-105.183,0,2.0
FRIRHTX,28.888,-99.11,0,2.0
FRMVLVA,37.32,-78.438,118,6.0
FSF,33.065,-111.379,289,6.0
FXADCVA,38.844,-77.311,0,2.0
GARVIOK,34.74,-97.222,0,2.0
GASTNNC,35.268,-81.182,0,2.0
GCLECOK,35.057,-97.943,0,2.0
GEAUGOH,41.505,-81.192,36,3.5
GENESNY,42.999,-78.188,0,2.0
GFCORND,47.936,-97.056,2,2.0
GJCHOLD,39.087,-108.586,0,2.0
GLADEFL,26.839,-81.124,0,2.0
GLDSACA,35.67,-119.228,156,6.0
GLEPDCA,34.147,-118.249,0,2.0
GPCHOLD,35.447,-98.368,0,2.0
GRANTWA,47.322,-119.553,0,2.0
GRAYSKY,37.491,-86.258,1,2.0
GREENMA,42.596,-72.612,0,2.0
GRFHOLD,47.924,-97.035,0,2.0
GRIHOLD,40.924,-98.343,0,2.0
GRMHOLD,42.973,-85.67,0,2.0
GRRHOLD,34.937,-82.242,0,2.0
GRYDCKY,37.491,-86.258,0,2.0
GSCHOLD,39.515,-107.323,0,2.0
GUADATX,29.604,-97.97,0,2.0
GUDOCHG,13.476,144.751,3,2.0
HAILEID,43.665,-116.682,1,2.0
HALLJGA,34.243,-83.816,0,2.0
HARDJIA,42.36,-93.097,0,2.0
HARHOLD,41.651,-72.604,1,2.0
HASHENE,40.927,-98.328,17,3.5
HASKLTX,33.176,-99.722,0,2.0
HAVACTX,27.522,-99.504,0,2.0
HBGHOLD,38.427,-78.848,0,2.0
HCAHCTX,30.285,-95.468,2,2.0
HCPSCMS,30.303,-89.476,11,3.5
HCPSYTX,29.712,-95.375,1,2.0
HELHOLD,46.593,-111.974,0,2.0
HENDENC,35.315,-82.456,0,2.0
HENDENV,36.033,-114.975,66,3.5
HENDETX,32.213,-95.856,0,2.0
HENHOLD,35.319,-82.468,0,2.0
HERNAFL,28.484,-82.451,0,2.0
HESPCAZ,33.308,-111.973,0,2.0
HICOJFL,27.958,-82.373,0,2.0
HIDALNM,32.338,-108.666,0,2.0
HIDALTX,26.417,-98.128,0,2.0
HIELPTX,31.762,-106.485,0,2.0
HIESATX,29.402,-98.39,0,2.0
HIESPAZ,33.416,-112.007,0,2.0
HIEXSTX,28.894,-99.118,0,2.0
HILLCMT,48.553,-109.707,0,2.0
HIPANAZ,33.455,-111.987,0,2.0
HIPDBAZ,33.455,-112.067,0,2.0
HISEPTX,31.781,-106.395,0,2.0
HISMCTX,26.189,-98.221,0,2.0
HISPAAZ,33.418,-111.979,0,2.0
HLGHOLD,26.178,-97.714,19,3.5
HMCHOTX,26.158,-97.675,0,2.0
HNDMCTX,32.472,-99.733,0,2.0
HNRMCFL,26.753,-80.941,0,2.0
HOUHOLD,29.952,-95.311,0,2.0
HOUICDF,29.951,-95.312,867,9.0
HOWARMD,39.169,-76.782,0,2.0
HRREGVA,36.804,-76.368,0,2.0
HSF,26.181,-97.685,0,2.0
HTLPPTX,26.158,-98.19,0,2.0
HUDSONJ,40.73,-74.103,0,2.0
IAHSFTX,29.984,-95.332,0,2.0
IMPHOLD,32.679,-115.499,1,2.0
INPHOLD,39.766,-86.154,3,2.0
IRADFCA,32.691,-115.398,646,9.0
IRWINGA,31.581,-83.255,0,2.0
IWAHOLD,33.418,-111.837,16,3.5
JACKSOR,42.322,-122.879,0,2.0
JAKHOLD,32.288,-90.06,0,2.0
JAMESGA,30.872,-81.982,0,2.0
JAXHOLD,30.256,-81.59,0,2.0
JCRLYTX,30.344,-95.46,897,9.0
JEFFECO,39.73,-105.204,0,2.0
JEFFEID,43.673,-111.911,4,2.0
JEFFEIL,38.315,-88.903,0,2.0
JEFFEKS,39.207,-95.311,0,2.0
JEFFEMT,46.236,-112.121,0,2.0
JEFFETX,30.079,-94.094,0,2.0
JENADLA,31.707,-92.151,1002,12.0
JENATLA,31.317,-92.536,236,6.0
JENNIMO,38.711,-90.267,0,2.0
JFKTSNY,40.65,-73.783,1,2.0
JHRWLTX,31.546,-97.067,0,2.0
JKPCCLA,32.222,-92.725,461,6.0
JMHOSFL,25.847,-80.306,0,2.0
JOHNSTX,32.375,-97.388,0,2.0
JOSEPOR,42.438,-123.319,0,2.0
KANDIMN,45.146,-95.014,100,3.5
KANHOLD,39.269,-94.676,0,2.0
KANKEIL,41.076,-87.859,0,2.0
KARNETX,28.883,-97.912,0,2.0
KCCDCTX,28.885,-97.915,1,2.0
KCHOSNY,40.657,-73.943,0,2.0
KCOJFOK,36.88,-97.075,80,3.5
KENOSWI,42.593,-87.915,0,2.0
KENTCMI,42.976,-85.63,0,2.0
KERCOCA,35.653,-119.108,0,2.0
KITTIWA,46.997,-120.55,0,2.0
KLAMCOR,42.222,-121.749,0,2.0
KNXDFTN,36.093,-83.848,4,2.0
KNXHOLD,35.96,-83.917,1,2.0
KRHUBFL,25.754,-80.489,5,2.0
KRNRCTX,28.885,-97.915,989,9.0
KRO,25.76,-80.497,572,9.0
KROHOLD,25.758,-80.351,20,3.5
LACKAPA,41.422,-75.648,0,2.0
LAKMCFL,26.725,-80.668,0,2.0
LANCACA,34.702,-118.233,0,2.0
LANECOR,44.051,-123.09,0,2.0
LAPAZAZ,34.146,-114.29,2,2.0
LAPLACO,37.248,-107.879,0,2.0
LARCOWY,41.135,-104.82,0,2.0
LARIMCO,40.564,-105.032,0,2.0
LASALTX,28.445,-99.237,0,2.0
LAURITX,29.603,-98.438,1,2.0
LAWINCI,31.85,-92.802,1237,12.0
LBKHOLD,33.584,-101.845,0,2.0
LDFHOLD,40.398,-105.073,0,2.0
LEHIGPA,40.605,-75.466,0,2.0
LEXINSC,33.978,-81.251,3,2.0
LIMESTX,31.529,-96.512,49,3.5
LINCOMO,38.971,-90.963,1,2.0
LINCONE,41.107,-100.764,0,2.0
LINNJIA,41.975,-91.67,14,3.5
LIVINNY,42.8,-77.816,0,2.0
LKLNDLA,31.34,-92.399,0,2.0
LLUMCCA,34.049,-117.263,0,2.0
LONPDAR,34.542,-91.755,0,2.0
LOSCJCA,34.059,-118.231,0,2.0
LOSHOLD,34.054,-118.24,7,2.0
LOUHOLD,38.253,-85.761,0,2.0
LOYMCIL,41.861,-87.835,0,2.0
LPAPSAZ,32.65,-111.59,0,2.0
LPLCCAZ,32.824,-111.544,1,2.0
LQSNATX,29.351,-98.429,0,2.0
LQWCSTX,28.445,-99.245,0,2.0
LRAHOLD,34.724,-92.308,1,2.0
LRDHOLD,27.529,-99.448,0,2.0
LRDICDF,27.529,-99.448,174,6.0
LRKBHFL,26.021,-80.181,8,2.0
LRKNHFL,25.706,-80.293,5,2.0
LSFHOLD,26.075,-97.512,0,2.0
LSHOSMA,42.3,-71.106,0,2.0
LSRDCTX,28.045,-99.336,0,2.0
LTVHOLD,38.881,-77.232,0,2.0
LUBBOTX,33.585,-101.843,0,2.0
LUNCONM,32.276,-107.777,0,2.0
LVGHOLD,36.058,-115.225,1,2.0
MABSHOS,41.947,-70.953,0,2.0
MACCOMI,42.613,-82.882,0,2.0
MADISID,43.827,-111.779,0,2.0
MADISMS,32.643,-90.024,7,2.0
MADISNY,43.081,-75.707,0,2.0
MAHONOH,41.104,-80.655,0,2.0
MANHOLD,42.999,-71.467,0,2.0
MAPLEOH,41.415,-81.565,0,2.0
MARIOIN,39.766,-86.154,0,2.0
MARSHIA,42.01,-93.06,0,2.0
MARTIFL,27.176,-80.24,0,2.0
MATEWKS,42.613,-71.236,0,2.0
MATSHOS,41.901,-71.089,0,2.0
MAVERTX,28.719,-100.46,0,2.0
MCAHOLD,26.264,-98.198,1,2.0
MCCDCTX,31.558,-97.134,0,2.0
MCCLETX,31.558,-97.133,2,2.0
MCFAJAZ,33.446,-112.078,0,2.0
MCHENIL,42.337,-88.443,0,2.0
MCMEDAZ,33.447,-112.059,0,2.0
MECKLNC,35.315,-80.841,0,2.0
MEDHOLD,42.325,-122.877,0,2.0
MEMHOLD,35.158,-89.883,1,2.0
MERCEIL,41.2,-90.759,0,2.0
MESJACO,39.069,-108.574,0,2.0
MGAHOLD,32.374,-86.305,0,2.0
MHMSATX,29.442,-98.491,0,2.0
MHNHHTX,29.812,-95.43,0,2.0
MHTSATX,29.49,-98.548,0,2.0
MIAHOLD,25.92,-80.155,1,2.0
MIDDLNJ,40.421,-74.489,0,2.0
MIDLATX,31.994,-102.077,0,2.0
MILHOLD,43.048,-87.908,0,2.0
MILLRAR,33.4,-94.023,0,2.0
MINICID,42.535,-113.792,3,2.0
MINNESD,43.578,-96.729,0,2.0
MISCOMO,36.923,-89.352,0,2.0
MISSOMT,46.883,-114.027,0,2.0
MIWPRPH,42.297,-83.346,0,2.0
MLDHOLD,31.994,-102.074,1,2.0
MLJHOLD,39.933,-74.958,2,2.0
MNROEMI,41.915,-83.399,0,2.0
MNTGMAL,32.382,-86.298,0,2.0
MOFFECO,40.507,-107.559,0,2.0
MONCJAL,32.379,-86.308,0,2.0
MONMONJ,40.268,-74.287,0,2.0
MONROFL,24.572,-81.749,0,2.0
MONROMI,41.894,-83.394,59,3.5
MONRONY,43.152,-77.614,0,2.0
MONTGAL,32.374,-86.305,0,2.0
MONTGMO,38.98,-91.504,0,2.0
MONTGPA,40.159,-75.422,0,2.0
MONTGTX,30.336,-95.448,0,2.0
MORGACO,40.251,-103.79,0,2.0
MORGNMO,38.432,-92.84,0,2.0
MOROWOH,40.56,-82.807,0,2.0
MOUNTND,48.321,-102.391,0,2.0
MPSIPAN,15.156,145.704,6,2.0
MSF,25.778,-80.193,9,2.0
MSTHSTX,29.514,-98.577,0,2.0
MSVPCPA,40.92,-78.241,1018,12.0
MTGHOLD,30.344,-95.449,37,3.5
MTGPCTX,30.344,-95.449,1046,12.0
MTHOSTX,28.933,-98.526,0,2.0
MTPPDCA,34.059,-118.126,0,2.0
MUSIKCA,33.663,-117.701,0,2.0
MUSSEMT,46.45,-108.542,0,2.0
MVMCMAZ,33.391,-111.61,0,2.0
NASSAFL,30.611,-81.631,0,2.0
NATCHLA,31.738,-93.109,0,2.0
NATROWY,42.862,-106.345,1,2.0
NAVSOAZ,34.872,-110.155,0,2.0
NBGHOLD,41.516,-74.111,0,2.0
NBRMCFL,26.275,-80.099,1,2.0
NEWHOLD,40.73,-74.175,0,2.0
NGDCTGA,34.295,-83.824,0,2.0
NIAGANY,43.18,-78.736,0,2.0
NIXHCTX,29.512,-98.54,0,2.0
NOBLEMN,43.649,-95.593,0,2.0
NOJUVOR,45.61,-121.203,0,2.0
NOLHOLD,29.948,-90.078,0,2.0
NOLVGNV,36.202,-115.12,0,2.0
NORCOOR,45.61,-121.203,0,2.0
NORFOMA,42.26,-71.209,0,2.0
NORFOVA,36.846,-76.283,0,2.0
NORHOLD,36.876,-76.223,0,2.0
NRJDCVA,39.2,-78.145,1,2.0
NRPHOLD,41.135,-100.76,0,2.0
NSVHOLD,36.168,-86.779,0,2.0
NVJDCVA,38.813,-77.137,0,2.0
NVSDCNV,36.249,-115.983,169,6.0
NWHNVNC,34.327,-77.896,1,2.0
NWRCCMN,47.769,-96.629,0,2.0
NWREGVA,39.199,-78.146,0,2.0
NYCHOLD,40.64,-74.17,26,3.5
NYEPANV,36.22,-115.983,58,3.5
NYFISHC,41.522,-73.951,0,2.0
OAK,30.821,-92.641,0,2.0
OAKHOLD,30.832,-92.637,0,2.0
OCIRCCA,33.749,-117.877,0,2.0
OGCMCCA,33.754,-117.833,0,2.0
OGLECIL,42.013,-89.33,0,2.0
OGUHOLD,41.221,-112.019,0,2.0
OKANOWA,48.366,-119.582,0,2.0
OKCHOLD,35.424,-97.597,2,2.0
OKMULOK,35.622,-95.974,0,2.0
OLACCLA,31.851,-92.285,0,2.0
OLDHAKY,38.407,-85.381,0,2.0
OMAHOLD,41.281,-95.899,2,2.0
ONECONY,43.156,-75.377,0,2.0
ONONDNY,43.046,-76.146,0,2.0
ONTARNY,42.883,-77.212,0,2.0
ORANGFL,28.504,-81.416,2,2.0
ORANGNY,41.405,-74.357,59,3.5
ORLHOLD,28.427,-81.334,2,2.0
ORPARLA,29.961,-90.094,0,2.0
OTERONM,32.852,-106.008,0,2.0
OTROPNM,32.079,-106.278,0,2.0
OTRPCNM,32.08,-106.283,762,9.0
PALMBFL,26.673,-80.092,0,2.0
PAMREVA,37.752,-77.359,0,2.0
PARKJCO,39.218,-105.98,0,2.0
PASADCA,34.149,-118.145,0,2.0
PCKNSAL,33.26,-88.096,28,3.5
PCSHOLD,31.398,-103.521,1,2.0
PDNHOLD,31.75,-106.487,0,2.0
PENNISD,44.079,-103.221,0,2.0
PENOBME,44.801,-68.778,0,2.0
PERRYAL,32.634,-87.316,0,2.0
PHELPNE,40.439,-99.37,1,2.0
PHIHOLD,39.96,-75.165,1,2.0
PHOHOLD,33.471,-112.073,12,3.5
PIC,26.155,-97.338,952,9.0
PIKCOPA,41.389,-75.071,111,6.0
PIMAJAZ,32.201,-110.991,0,2.0
PINALAZ,33.041,-111.376,0,2.0
PINELFL,27.902,-82.706,6,2.0
PINEPLA,30.788,-92.413,379,6.0
PISCAME,45.183,-69.224,0,2.0
PITHOLD,40.425,-79.961,0,2.0
PKCNTPA,41.389,-75.071,0,2.0
PKEHOLD,41.388,-75.072,0,2.0
PLATTMO,39.19,-94.684,0,2.0
PLATTWY,42.055,-104.953,1,2.0
PLYMOMA,41.932,-70.651,103,6.0
PMHOSFL,25.885,-80.325,0,2.0
PMREGVA,37.321,-78.425,0,2.0
POLKCTX,30.698,-95.006,701,9.0
POLKJIA,41.654,-93.588,25,3.5
POMHOLD,43.635,-70.25,0,2.0
POMONCA,34.055,-117.754,0,2.0
PONDEMT,48.169,-111.947,0,2.0
POOHOLD,45.515,-122.676,1,2.0
POTTAIA,41.282,-95.867,31,3.5
PRLDCTX,32.421,-97.197,700,9.0
PRLHOLD,32.421,-97.197,0,2.0
PRUHOLD,40.149,-111.66,0,2.0
PTISATX,29.521,-98.483,0,2.0
PUEBLCO,38.276,-104.611,0,2.0
PUEHOLD,38.393,-105.117,0,2.0
PULASIL,37.272,-89.175,0,2.0
PVLYHCA,32.685,-117.082,2,2.0
PWHOSFL,26.684,-80.253,0,2.0
PWILLVA,38.752,-77.478,0,2.0
QLTYSCA,32.556,-116.942,0,2.0
RAADCMN,44.956,-93.089,0,2.0
RADDFGA,33.441,-84.32,5,2.0
RAPPSVA,38.318,-77.472,0,2.0
RCMHOLD,37.542,-77.434,4,2.0
RDHEATX,31.793,-106.395,0,2.0
RDUHOLD,35.79,-78.78,2,2.0
REDETTX,31.396,-103.54,0,2.0
REDHOLD,40.575,-122.363,0,2.0
REHOSIL,41.865,-87.804,0,2.0
REJAITX,31.389,-103.527,0,2.0
RENHOLD,39.573,-119.809,1,2.0
RENSSNY,42.71,-73.701,0,2.0
RGHOSTX,26.173,-97.701,0,2.0
RGRNDTX,27.378,-99.49,306,6.0
RGS,26.155,-97.338,0,2.0
RICECKS,38.347,-98.224,0,2.0
RIIHOLD,41.509,-90.581,0,2.0
RIOCCCA,38.403,-121.418,0,2.0
RIOGRCO,37.677,-106.351,0,2.0
RMKHOLD,37.293,-80.061,0,2.0
RNDLLTX,35.116,-101.866,2,2.0
ROCKIIL,41.509,-90.581,0,2.0
ROCKIVA,38.45,-78.87,1,2.0
RONKEVA,37.271,-79.947,0,2.0
ROSEBMT,46.266,-106.673,0,2.0
RPCHOLD,44.099,-103.265,0,2.0
RRFINWA,47.451,-122.295,0,2.0
RRIVRIL,42.317,-89.072,0,2.0
RSREGVA,37.295,-77.321,0,2.0
RSWHOLD,33.398,-104.525,0,2.0
RVRCCLA,31.607,-91.571,311,6.0
RWCCMLA,32.463,-92.087,403,6.0
SAAHOLD,33.749,-117.875,1,2.0
SACHOLD,38.578,-121.5,0,2.0
SACITCA,33.75,-117.88,0,2.0
SACRACA,38.583,-121.497,0,2.0
SAGHOLD,31.422,-100.464,1,2.0
SAIHOLD,15.156,145.704,0,2.0
SAJHOLD,18.407,-66.107,0,2.0
SALEMNJ,39.614,-75.356,0,2.0
SALHOLD,38.411,-75.572,1,2.0
SALINNE,40.475,-96.961,0,2.0
SAMBCMI,42.391,-82.982,0,2.0
SANANCA,33.75,-117.881,0,2.0
SANDONM,35.322,-106.57,0,2.0
SANJAIL,39.8,-89.643,0,2.0
SANTANM,35.636,-106.02,0,2.0
SBDHOLD,34.101,-117.298,4,2.0
SBERNCA,34.102,-117.272,0,2.0
SCNORCA,37.352,-121.906,0,2.0
SCOTTMO,37.097,-89.564,0,2.0
SCOTTNE,41.826,-103.66,0,2.0
SCRUZAZ,31.355,-110.928,0,2.0
SDHOSCA,32.619,-117.023,0,2.0
SEAHOLD,47.491,-122.291,2,2.0
SEBASAR,35.383,-94.425,1,2.0
SENECOH,41.08,-83.154,64,3.5
SFDHOLD,43.549,-96.724,0,2.0
SFRHOLD,37.796,-122.402,1,2.0
SGUHOLD,37.113,-113.58,0,2.0
SHACOKS,39.048,-95.672,0,2.0
SHAJUKS,39.048,-95.67,0,2.0
SHECOVA,38.882,-78.506,0,2.0
SHERBMN,45.304,-93.619,1,2.0
SHERIMT,48.778,-104.558,0,2.0
SISAONE,41.282,-95.91,0,2.0
SJS,18.423,-66.115,9,2.0
SJUHOLD,18.438,-66.005,1,2.0
SLBHSTX,29.512,-98.575,0,2.0
SLCHOLD,40.685,-111.961,3,2.0
SLINPAZ,33.653,-112.116,0,2.0
SLRDCAZ,32.498,-114.778,126,6.0
SLSLCUT,40.726,-111.917,8,2.0
SMARYMD,38.302,-76.629,0,2.0
SNAHOLD,29.522,-98.392,5,2.0
SNDHOLD,32.717,-117.165,11,3.5
SNJHOLD,37.239,-121.774,0,2.0
SOBAYCA,32.633,-117.078,0,2.0
SOLONOH,41.391,-81.44,0,2.0
SOUTECO,37.133,-107.634,0,2.0
SP8WWTX,26.169,-97.974,0,2.0
SPHOSCA,33.739,-118.307,0,2.0
SPMHOLD,44.86,-93.231,1,2.0
SPOHOLD,47.666,-117.418,1,2.0
SPRNGOR,44.048,-123.021,0,2.0
SSHBWTX,26.201,-98.321,0,2.0
SSPBAAZ,33.482,-112.038,0,2.0
STAHOLD,44.801,-73.074,0,2.0
STCDFTX,28.895,-99.122,1109,12.0
STCLAMI,42.942,-82.481,64,3.5
STDHOLD,28.895,-99.121,0,2.0
STEUBNY,42.35,-77.296,0,2.0
STFRCTX,28.658,-99.201,927,9.0
STJOSCA,33.782,-117.864,0,2.0
STK,37.951,-121.29,1,2.0
STMARCA,34.54,-117.265,0,2.0
STMRYIL,41.903,-87.683,0,2.0
STOPDIL,41.899,-87.884,0,2.0
STORYIA,42.01,-93.442,0,2.0
STRAFNH,43.219,-70.939,73,3.5
STTAMLA,30.48,-90.095,0,2.0
STTCJVI,18.34,-64.928,0,2.0
STUHOLD,27.156,-80.212,1,2.0
STUTSND,46.903,-98.707,0,2.0
STWRTGA,32.037,-84.772,1504,15.0
SUFFOMA,42.333,-71.071,0,2.0
SUFFONY,40.914,-72.671,0,2.0
SUMMIUT,40.721,-111.478,0,2.0
SUPHDTX,26.122,-98.245,0,2.0
SUSSENJ,41.055,-74.767,0,2.0
SWEETWY,41.537,-109.301,0,2.0
SXCHOLD,42.505,-96.405,0,2.0
TAKARTX,28.882,-97.937,0,2.0
TALHOLD,30.472,-84.354,1,2.0
TALLAMS,34.016,-90.39,0,2.0
TAMHOLD,27.959,-82.372,3,2.0
TASTDTX,28.658,-99.2,0,2.0
TELLECO,38.942,-105.154,1,2.0
TEMPLCA,34.049,-118.234,0,2.0
TENSALA,31.809,-91.397,0,2.0
TETONWY,43.478,-110.76,0,2.0
TFALLID,42.558,-114.467,0,2.0
TFIHOLD,42.563,-114.479,0,2.0
TGREETX,31.463,-100.44,0,2.0
THHHBTX,32.587,-97.317,0,2.0
TITUSTX,33.154,-94.971,0,2.0
TLACYCA,33.783,-117.889,0,2.0
TNWESDF,35.409,-89.55,0,2.0
TOOELUT,40.53,-112.298,0,2.0
TOOLEMT,48.507,-111.856,0,2.0
TOORANM,34.767,-106.018,324,6.0
TORHOLD,31.446,-106.123,0,2.0
TRICOIL,37.272,-89.175,0,2.0
TUCHOLD,32.135,-110.926,3,2.0
TULCOOK,36.157,-95.999,6,2.0
TULHOLD,36.14,-95.864,1,2.0
TVMSATX,29.353,-98.545,0,2.0
UCSDHCA,32.754,-117.166,0,2.0
UHGMCOH,41.508,-81.189,0,2.0
UMATCOR,45.674,-118.849,0,2.0
UMIAHFL,25.788,-80.216,0,2.0
UNIONNM,36.448,-103.191,0,2.0
UNIONSD,42.685,-96.683,0,2.0
UPMCAPA,40.522,-78.398,1,2.0
USMS3TX,26.204,-98.238,0,2.0
USMSDFL,25.778,-80.195,0,2.0
USMVT,44.481,-73.214,0,2.0
UTAHCUT,40.148,-111.657,0,2.0
UVHSATX,29.508,-98.578,2,2.0
VALJUTX,29.356,-100.9,0,2.0
VALVETX,29.373,-100.848,1,2.0
VBHOSTX,26.175,-97.67,1,2.0
VENHOLD,34.206,-119.077,3,2.0
VENTUCA,34.268,-119.211,0,2.0
VIRBEVA,36.753,-76.06,0,2.0
VNBRNMI,42.233,-83.495,0,2.0
VPREGVA,37.222,-76.619,0,2.0
VRK,40.728,-74.006,0,2.0
VTCHTDN,44.446,-73.205,1,2.0
VTDCORR,44.333,-72.752,0,2.0
VTSTALB,44.85,-73.132,5,2.0
VVGMCCA,34.528,-117.294,0,2.0
VVSHOLD,32.514,-93.749,4,2.0
VWHMCAZ,33.457,-112.026,2,2.0
WACLATX,29.424,-98.497,0,2.0
WAJAIMN,45.038,-92.802,1,2.0
WAKECNC,35.778,-78.64,0,2.0
WAKULFL,30.196,-84.377,0,2.0
WARDCND,48.233,-101.287,0,2.0
WASCONY,43.282,-73.587,0,2.0
WASHCUT,37.158,-113.412,0,2.0
WASHIAR,36.034,-94.177,2,2.0
WASHICO,40.158,-103.192,0,2.0
WASHOLD,38.881,-77.229,5,2.0
WASHONV,39.573,-119.811,18,3.5
WAUKEWI,43.025,-88.231,0,2.0
WAYNEMI,42.388,-83.045,0,2.0
WAYNENY,43.067,-77.031,0,2.0
WBATOLA,30.501,-91.216,0,2.0
WCCBXTX,29.428,-98.508,0,2.0
WCCPBFL,26.275,-80.152,560,9.0
WCCSDCA,32.717,-117.165,0,2.0
WCRDFTX,26.471,-97.758,0,2.0
WCTHOLD,31.554,-97.134,1,2.0
WEBDCTX,27.37,-99.49,201,6.0
WEBERUT,41.24,-111.993,0,2.0
WESHOLD,33.759,-117.992,0,2.0
WHITFGA,34.793,-84.985,0,2.0
WICHOLD,37.692,-97.34,1,2.0
WIDODGE,43.627,-88.74,0,2.0
WILLCTX,26.47,-97.762,0,2.0
WILLITN,35.898,-86.885,0,2.0
WINWYAZ,32.696,-114.604,0,2.0
WKBHMFL,25.678,-80.455,0,2.0
WMHOSCA,34.051,-118.217,0,2.0
WMLNDPA,40.305,-79.545,0,2.0
WOAKSTX,29.711,-95.401,0,2.0
WORCEMD,38.17,-75.376,0,2.0
WSTMCCA,33.754,-117.833,0,2.0
WTREGVA,36.763,-76.587,0,2.0
WTXDFTX,31.167,-105.352,0,2.0
WVEASTR,39.438,-77.961,0,2.0
WVIRGVA,37.246,-80.176,1,2.0
WVNORTH,39.923,-80.736,0,2.0
WVSCENT,38.312,-81.71,3,2.0
WYATTRI,41.893,-71.383,58,3.5
YAKHOLD,46.618,-120.558,0,2.0
YANCOSD,42.871,-97.394,0,2.0
YAVAPAZ,34.542,-112.466,0,2.0
YAVCVAZ,34.611,-111.917,0,2.0
YELLOMT,45.755,-108.503,0,2.0
YIKIMWA,46.603,-120.508,0,2.0
YORCOPA,39.988,-76.664,0,2.0
YORCOSC,34.985,-81.204,0,2.0
YORKCME,43.454,-70.718,0,2.0
YRKHOLD,39.986,-76.759,1,2.0
YUBAJCA,39.141,-121.587,0,2.0
YUMHOLD,32.656,-114.612,1,2.0
